2014-09-14 11:15:50;1;124.161361157894;132.800057530403;106.805983185768;113.031509518623;96.6992750763893;124.99603331089;88.4335577487946;114.433117210865
2014-09-14 11:15:50;1;115.595546364784;130.287739634514;109.289578348398;109.37417075038;90.4266476631165;129.03901040554;90.7277554273605;110.07312387228
2014-09-14 11:15:50;1;104.048849642277;121.936143934727;111.261006444693;109.537922590971;81.2073230743408;132.305619120598;93.0769979953766;109.742358326912
2014-09-14 11:15:50;1;101.58071462065;119.042836129665;112.544173002243;114.219416677952;77.2498086094856;133.229467272758;94.7569210082293;114.598742127419
2014-09-14 11:15:50;1;102.490061707795;123.558613657951;112.107029557228;111.741332709789;82.0584163069725;130.887320637703;93.9096339046955;112.357936799526
2014-09-14 11:15:50;1;110.557262599468;129.034754633904;110.881908237934;108.964068442583;89.8947827517986;128.101414442062;92.8622327744961;110.338522493839
2014-09-14 11:15:51;1;122.357700765133;134.082964062691;109.057402610779;111.333895474672;95.3035049140453;124.832244217396;90.4573224484921;113.091945648193
2014-09-14 11:15:51;1;130.240374803543;129.441565275192;109.071063995361;113.003435730934;96.7097736895084;124.313920736313;90.255893021822;114.764994382858
2014-09-14 11:15:51;1;120.169387757778;129.947942495346;111.600436270237;109.058225154877;88.0917191505432;129.494127631187;92.9602421820164;109.199777245522
2014-09-14 11:15:51;1;108.508729189634;126.323494315147;114.035332202911;111.554230004549;74.2253810167313;129.646840691566;95.3743018209934;112.854102253914
2014-09-14 11:15:51;1;107.534331083298;126.27389729023;114.13913667202;114.051300287247;74.475684762001;128.966623544693;95.217676460743;114.524172246456
2014-09-14 11:15:51;1;122.54326492548;129.652881622314;112.212690711021;108.461038768291;87.3799666762352;125.240215659142;93.0913634598255;110.50073876977
2014-09-14 11:15:51;1;133.31578373909;122.713513672352;110.11918336153;107.418902218342;96.7701695859432;119.582530856133;91.5161125361919;110.10659635067
2014-09-14 11:15:52;1;134.914955496788;119.612717628479;109.386164695024;112.143442034721;98.3097147196531;120.247380435467;90.640976279974;114.238207042217
2014-09-14 11:15:52;1;134.798118472099;118.822364509106;110.624334216118;109.791377186775;91.1736503243446;125.368762016296;91.3259282708168;111.046825349331
2014-09-14 11:15:52;1;126.442113518715;119.745415449142;112.059441208839;107.653672993183;75.5209907889366;126.647451519966;93.1558236479759;108.031114935875
2014-09-14 11:15:52;1;118.014143407345;120.674642920494;113.658069074154;111.181404441595;68.6739206314087;123.587781190872;94.1524051129818;111.164535582066
2014-09-14 11:15:52;0;116.333565115929;122.59127497673;113.885276019573;114.035329222679;67.8496986627579;122.319851815701;93.9624562859535;114.056426286697
2014-09-14 11:15:52;1;130.254143476486;122.902365028858;111.059854924679;109.119601547718;73.6205577850342;123.058974742889;92.0509338378906;110.124929249287
2014-09-14 11:15:52;1;133.011823892593;119.687253236771;109.873658418655;108.653075993061;81.9078877568245;123.397028446198;91.199616342783;109.221105277538
2014-09-14 11:15:52;1;134.037032723427;117.787727713585;108.262775838375;112.750861048698;86.857745051384;123.185515403748;88.5683491826057;113.944378495216
2014-09-14 11:15:52;1;132.553398609161;115.900477766991;108.763451874256;112.572729587555;83.4621146321297;125.060969591141;88.744044303894;113.83244395256
2014-09-14 11:15:53;1;124.07360970974;114.062768220901;110.282612591982;109.01386141777;71.8305557966232;124.076224863529;91.2632197141647;109.760214388371
2014-09-14 11:15:53;1;118.04022192955;117.486795783043;111.177822202444;109.617653489113;68.2307511568069;122.262841463089;92.6934316754341;109.910333901644
2014-09-14 11:15:53;1;114.8477897048;122.995981574059;112.800617516041;114.204022288322;69.1419899463654;124.603164196014;93.7090344727039;114.33040946722
2014-09-14 11:15:53;1;116.024789214134;131.244403123856;111.982916295528;113.047888875008;74.5023012161255;130.070063471794;93.5838185250759;113.520710170269
2014-09-14 11:15:53;1;115.112771093845;136.262995004654;110.052743554115;111.035560071468;84.3686029314995;134.402537345886;93.0328637361526;112.003017216921
2014-09-14 11:15:53;1;114.387698471546;138.035127520561;107.841296494007;112.005123496056;88.7512311339378;135.768726468086;91.7523801326752;112.878149747849
2014-09-14 11:15:53;1;113.615696132183;136.783537268639;107.124111056328;111.82197034359;89.7807195782661;136.857175827026;90.8445447683334;113.119141757488
2014-09-14 11:15:53;1;112.51432299614;135.336264967918;106.554384529591;111.944200843573;90.0860652327538;136.500293016434;89.9451181292534;113.416293263435
2014-09-14 11:15:54;1;112.376174330711;135.527423024178;106.376954168081;111.905287206173;89.6864593029022;136.966782808304;89.5965337753296;113.550762832165
2014-09-14 11:15:54;1;113.343639671803;135.702407360077;107.033675909042;111.932479590178;88.0385220050812;140.732455253601;90.385976433754;113.07590007782
2014-09-14 11:15:54;1;114.752924442291;135.803374648094;108.269914984703;111.994650959969;88.0293339490891;140.918946266174;91.3851067423821;112.839338183403
2014-09-14 11:15:54;2;116.574323177338;136.860674619675;110.350803285837;111.727263778448;89.2437130212784;140.077844262123;93.2637646794319;112.729276716709
2014-09-14 11:15:54;1;119.691962003708;137.126204371452;111.665044724941;111.676180362701;91.3433685898781;138.475713133812;94.9656754732132;112.412168085575
2014-09-14 11:15:54;2;121.304845809937;137.166222929955;113.45366537571;111.666563153267;94.1814370453358;137.514892220497;96.470707654953;112.400182336569
2014-09-14 11:15:54;1;121.789015829563;136.66378557682;114.306771755219;111.497297883034;95.4252030700445;137.786871194839;97.3599500954151;112.249252200127
2014-09-14 11:15:55;2;121.156704425812;136.469107866287;114.753851294518;111.260096728802;96.1321756243706;138.817155361176;97.997971624136;111.969312280416
2014-09-14 11:15:55;0;119.753816723824;135.913121700287;113.872151076794;111.103598773479;95.5502424389124;139.317438006401;97.6345119997859;112.051098048687
2014-09-14 11:15:55;1;116.247446835041;135.230705142021;111.863693594933;110.787889361382;93.6213150620461;139.486107230186;96.1920943111181;111.43571138382
2014-09-14 11:15:55;1;115.246416628361;135.06635427475;111.518041044474;110.937637835741;94.2258398979902;137.978658080101;95.088168233633;112.21187710762
2014-09-14 11:15:55;0;114.597018063068;135.004448890686;111.546068638563;110.967547446489;94.848357886076;132.867044210434;95.0605902820826;111.97896450758
2014-09-14 11:15:55;1;111.731146275997;131.158685684204;112.150466442108;111.268092691898;96.0834953933954;134.486049413681;94.5408586412668;111.839923262596
2014-09-14 11:15:55;1;108.680649846792;125.532960891724;110.061964392662;112.301926314831;103.90093959868;125.519466400146;93.2291992008686;111.405698955059
2014-09-14 11:16:07;0;108.129787445068;122.84177094698;107.63386785984;112.555482983589;109.503227472305;122.829838097095;92.7854523062706;111.586928367615
2014-09-14 11:16:07;0;108.129787445068;122.84177094698;107.63386785984;112.555482983589;109.503227472305;122.829838097095;92.7854523062706;111.586928367615
2014-09-14 11:16:07;0;108.129787445068;122.84177094698;107.63386785984;112.555482983589;109.503227472305;122.829838097095;92.7854523062706;111.586928367615
2014-09-14 11:16:08;0;108.129787445068;122.84177094698;107.63386785984;112.555482983589;109.503227472305;122.829838097095;92.7854523062706;111.586928367615
2014-09-14 11:16:08;0;108.129787445068;122.84177094698;107.63386785984;112.555482983589;109.503227472305;122.829838097095;92.7854523062706;111.586928367615
2014-09-14 11:16:08;0;108.129787445068;122.84177094698;107.63386785984;112.555482983589;109.503227472305;122.829838097095;92.7854523062706;111.586928367615
2014-09-14 11:16:08;0;108.129787445068;122.84177094698;107.63386785984;112.555482983589;109.503227472305;122.829838097095;92.7854523062706;111.586928367615
2014-09-14 11:16:08;0;108.129787445068;122.84177094698;107.63386785984;112.555482983589;109.503227472305;122.829838097095;92.7854523062706;111.586928367615
2014-09-14 11:16:08;0;108.129787445068;122.84177094698;107.63386785984;112.555482983589;109.503227472305;122.829838097095;92.7854523062706;111.586928367615
2014-09-14 11:16:08;0;108.129787445068;122.84177094698;107.63386785984;112.555482983589;109.503227472305;122.829838097095;92.7854523062706;111.586928367615
2014-09-14 11:16:08;0;108.129787445068;122.84177094698;107.63386785984;112.555482983589;109.503227472305;122.829838097095;92.7854523062706;111.586928367615
2014-09-14 11:16:08;0;108.129787445068;122.84177094698;107.63386785984;112.555482983589;109.503227472305;122.829838097095;92.7854523062706;111.586928367615
2014-09-14 11:16:08;0;108.129787445068;122.84177094698;107.63386785984;112.555482983589;109.503227472305;122.829838097095;92.7854523062706;111.586928367615
2014-09-14 11:16:08;0;108.129787445068;122.84177094698;107.63386785984;112.555482983589;109.503227472305;122.829838097095;92.7854523062706;111.586928367615
2014-09-14 11:16:09;0;108.129787445068;122.84177094698;107.63386785984;112.555482983589;109.503227472305;122.829838097095;92.7854523062706;111.586928367615
2014-09-14 11:16:09;0;108.129787445068;122.84177094698;107.63386785984;112.555482983589;109.503227472305;122.829838097095;92.7854523062706;111.586928367615
2014-09-14 11:16:09;0;108.129787445068;122.84177094698;107.63386785984;112.555482983589;109.503227472305;122.829838097095;92.7854523062706;111.586928367615
2014-09-14 11:16:09;0;108.129787445068;122.84177094698;107.63386785984;112.555482983589;109.503227472305;122.829838097095;92.7854523062706;111.586928367615
2014-09-14 11:16:09;0;108.129787445068;122.84177094698;107.63386785984;112.555482983589;109.503227472305;122.829838097095;92.7854523062706;111.586928367615
2014-09-14 11:16:09;0;108.129787445068;122.84177094698;107.63386785984;112.555482983589;109.503227472305;122.829838097095;92.7854523062706;111.586928367615
2014-09-14 11:16:09;0;108.129787445068;122.84177094698;107.63386785984;112.555482983589;109.503227472305;122.829838097095;92.7854523062706;111.586928367615
2014-09-14 11:16:09;0;108.129787445068;122.84177094698;107.63386785984;112.555482983589;109.503227472305;122.829838097095;92.7854523062706;111.586928367615
2014-09-14 11:16:09;0;108.129787445068;122.84177094698;107.63386785984;112.555482983589;109.503227472305;122.829838097095;92.7854523062706;111.586928367615
2014-09-14 11:16:09;0;108.129787445068;122.84177094698;107.63386785984;112.555482983589;109.503227472305;122.829838097095;92.7854523062706;111.586928367615
2014-09-14 11:16:09;0;108.129787445068;122.84177094698;107.63386785984;112.555482983589;109.503227472305;122.829838097095;92.7854523062706;111.586928367615
2014-09-14 11:16:09;0;108.129787445068;122.84177094698;107.63386785984;112.555482983589;109.503227472305;122.829838097095;92.7854523062706;111.586928367615
2014-09-14 11:16:10;0;108.129787445068;122.84177094698;107.63386785984;112.555482983589;109.503227472305;122.829838097095;92.7854523062706;111.586928367615
2014-09-14 11:16:10;0;108.129787445068;122.84177094698;107.63386785984;112.555482983589;109.503227472305;122.829838097095;92.7854523062706;111.586928367615
2014-09-14 11:16:10;0;108.129787445068;122.84177094698;107.63386785984;112.555482983589;109.503227472305;122.829838097095;92.7854523062706;111.586928367615
2014-09-14 11:16:10;0;110.565289855003;117.550604045391;106.479230523109;113.061916828156;110.163381695747;120.985527336597;92.3890396952629;111.727195233107
2014-09-14 11:16:10;0;110.565289855003;117.550604045391;106.479230523109;113.061916828156;110.163381695747;120.985527336597;92.3890396952629;111.727195233107
2014-09-14 11:16:10;0;110.565289855003;117.550604045391;106.479230523109;113.061916828156;110.163381695747;120.985527336597;92.3890396952629;111.727195233107
2014-09-14 11:16:10;0;110.565289855003;117.550604045391;106.479230523109;113.061916828156;110.163381695747;120.985527336597;92.3890396952629;111.727195233107
2014-09-14 11:16:10;0;110.565289855003;117.550604045391;106.479230523109;113.061916828156;110.163381695747;120.985527336597;92.3890396952629;111.727195233107
2014-09-14 11:16:10;0;110.565289855003;117.550604045391;106.479230523109;113.061916828156;110.163381695747;120.985527336597;92.3890396952629;111.727195233107
2014-09-14 11:16:10;0;110.565289855003;117.550604045391;106.479230523109;113.061916828156;110.163381695747;120.985527336597;92.3890396952629;111.727195233107
2014-09-14 11:16:10;0;110.565289855003;117.550604045391;106.479230523109;113.061916828156;110.163381695747;120.985527336597;92.3890396952629;111.727195233107
2014-09-14 11:16:11;0;110.565289855003;117.550604045391;106.479230523109;113.061916828156;110.163381695747;120.985527336597;92.3890396952629;111.727195233107
2014-09-14 11:16:11;0;110.565289855003;117.550604045391;106.479230523109;113.061916828156;110.163381695747;120.985527336597;92.3890396952629;111.727195233107
2014-09-14 11:16:11;0;110.565289855003;117.550604045391;106.479230523109;113.061916828156;110.163381695747;120.985527336597;92.3890396952629;111.727195233107
2014-09-14 11:16:11;0;110.565289855003;117.550604045391;106.479230523109;113.061916828156;110.163381695747;120.985527336597;92.3890396952629;111.727195233107
2014-09-14 11:16:11;0;110.565289855003;117.550604045391;106.479230523109;113.061916828156;110.163381695747;120.985527336597;92.3890396952629;111.727195233107
2014-09-14 11:16:11;0;110.565289855003;117.550604045391;106.479230523109;113.061916828156;110.163381695747;120.985527336597;92.3890396952629;111.727195233107
2014-09-14 11:16:11;0;110.565289855003;117.550604045391;106.479230523109;113.061916828156;110.163381695747;120.985527336597;92.3890396952629;111.727195233107
2014-09-14 11:16:11;0;110.565289855003;117.550604045391;106.479230523109;113.061916828156;110.163381695747;120.985527336597;92.3890396952629;111.727195233107
2014-09-14 11:16:11;0;110.565289855003;117.550604045391;106.479230523109;113.061916828156;110.163381695747;120.985527336597;92.3890396952629;111.727195233107
2014-09-14 11:16:11;0;110.565289855003;117.550604045391;106.479230523109;113.061916828156;110.163381695747;120.985527336597;92.3890396952629;111.727195233107
2014-09-14 11:16:11;0;110.565289855003;117.550604045391;106.479230523109;113.061916828156;110.163381695747;120.985527336597;92.3890396952629;111.727195233107
2014-09-14 11:16:12;0;110.565289855003;117.550604045391;106.479230523109;113.061916828156;110.163381695747;120.985527336597;92.3890396952629;111.727195233107
2014-09-14 11:16:12;0;110.565289855003;117.550604045391;106.479230523109;113.061916828156;110.163381695747;120.985527336597;92.3890396952629;111.727195233107
2014-09-14 11:16:12;0;110.565289855003;117.550604045391;106.479230523109;113.061916828156;110.163381695747;120.985527336597;92.3890396952629;111.727195233107
2014-09-14 11:16:12;0;110.565289855003;117.550604045391;106.479230523109;113.061916828156;110.163381695747;120.985527336597;92.3890396952629;111.727195233107
2014-09-14 11:16:12;0;110.565289855003;117.550604045391;106.479230523109;113.061916828156;110.163381695747;120.985527336597;92.3890396952629;111.727195233107
2014-09-14 11:16:12;0;110.565289855003;117.550604045391;106.479230523109;113.061916828156;110.163381695747;120.985527336597;92.3890396952629;111.727195233107
2014-09-14 11:16:12;0;110.565289855003;117.550604045391;106.479230523109;113.061916828156;110.163381695747;120.985527336597;92.3890396952629;111.727195233107
2014-09-14 11:16:12;0;110.565289855003;117.550604045391;106.479230523109;113.061916828156;110.163381695747;120.985527336597;92.3890396952629;111.727195233107
2014-09-14 11:16:12;0;110.565289855003;117.550604045391;106.479230523109;113.061916828156;110.163381695747;120.985527336597;92.3890396952629;111.727195233107
2014-09-14 11:16:12;0;110.565289855003;117.550604045391;106.479230523109;113.061916828156;110.163381695747;120.985527336597;92.3890396952629;111.727195233107
2014-09-14 11:16:12;0;110.565289855003;117.550604045391;106.479230523109;113.061916828156;110.163381695747;120.985527336597;92.3890396952629;111.727195233107
2014-09-14 11:16:12;0;110.565289855003;117.550604045391;106.479230523109;113.061916828156;110.163381695747;120.985527336597;92.3890396952629;111.727195233107
2014-09-14 11:16:13;0;110.565289855003;117.550604045391;106.479230523109;113.061916828156;110.163381695747;120.985527336597;92.3890396952629;111.727195233107
2014-09-14 11:16:13;0;110.565289855003;117.550604045391;106.479230523109;113.061916828156;110.163381695747;120.985527336597;92.3890396952629;111.727195233107
2014-09-14 11:16:13;0;110.565289855003;117.550604045391;106.479230523109;113.061916828156;110.163381695747;120.985527336597;92.3890396952629;111.727195233107
2014-09-14 11:16:13;0;110.565289855003;117.550604045391;106.479230523109;113.061916828156;110.163381695747;120.985527336597;92.3890396952629;111.727195233107
2014-09-14 11:16:13;0;110.565289855003;117.550604045391;106.479230523109;113.061916828156;110.163381695747;120.985527336597;92.3890396952629;111.727195233107
2014-09-14 11:16:13;0;110.565289855003;117.550604045391;106.479230523109;113.061916828156;110.163381695747;120.985527336597;92.3890396952629;111.727195233107
2014-09-14 11:16:13;0;110.565289855003;117.550604045391;106.479230523109;113.061916828156;110.163381695747;120.985527336597;92.3890396952629;111.727195233107
2014-09-14 11:16:13;0;110.565289855003;117.550604045391;106.479230523109;113.061916828156;110.163381695747;120.985527336597;92.3890396952629;111.727195233107
2014-09-14 11:16:13;0;110.565289855003;117.550604045391;106.479230523109;113.061916828156;110.163381695747;120.985527336597;92.3890396952629;111.727195233107
2014-09-14 11:16:13;0;110.565289855003;117.550604045391;106.479230523109;113.061916828156;110.163381695747;120.985527336597;92.3890396952629;111.727195233107
2014-09-14 11:16:13;0;110.565289855003;117.550604045391;106.479230523109;113.061916828156;110.163381695747;120.985527336597;92.3890396952629;111.727195233107
2014-09-14 11:16:14;0;110.565289855003;117.550604045391;106.479230523109;113.061916828156;110.163381695747;120.985527336597;92.3890396952629;111.727195233107
2014-09-14 11:16:14;0;110.565289855003;117.550604045391;106.479230523109;113.061916828156;110.163381695747;120.985527336597;92.3890396952629;111.727195233107
2014-09-14 11:16:14;0;110.565289855003;117.550604045391;106.479230523109;113.061916828156;110.163381695747;120.985527336597;92.3890396952629;111.727195233107
2014-09-14 11:16:14;0;110.565289855003;117.550604045391;106.479230523109;113.061916828156;110.163381695747;120.985527336597;92.3890396952629;111.727195233107
2014-09-14 11:16:14;0;110.565289855003;117.550604045391;106.479230523109;113.061916828156;110.163381695747;120.985527336597;92.3890396952629;111.727195233107
2014-09-14 11:16:14;0;110.565289855003;117.550604045391;106.479230523109;113.061916828156;110.163381695747;120.985527336597;92.3890396952629;111.727195233107
2014-09-14 11:16:14;0;110.565289855003;117.550604045391;106.479230523109;113.061916828156;110.163381695747;120.985527336597;92.3890396952629;111.727195233107
2014-09-14 11:16:14;0;110.565289855003;117.550604045391;106.479230523109;113.061916828156;110.163381695747;120.985527336597;92.3890396952629;111.727195233107
2014-09-14 11:16:14;0;110.565289855003;117.550604045391;106.479230523109;113.061916828156;110.163381695747;120.985527336597;92.3890396952629;111.727195233107
2014-09-14 11:16:14;0;110.565289855003;117.550604045391;106.479230523109;113.061916828156;110.163381695747;120.985527336597;92.3890396952629;111.727195233107
2014-09-14 11:16:14;0;110.565289855003;117.550604045391;106.479230523109;113.061916828156;110.163381695747;120.985527336597;92.3890396952629;111.727195233107
2014-09-14 11:16:14;0;110.565289855003;117.550604045391;106.479230523109;113.061916828156;110.163381695747;120.985527336597;92.3890396952629;111.727195233107
2014-09-14 11:16:15;0;110.565289855003;117.550604045391;106.479230523109;113.061916828156;110.163381695747;120.985527336597;92.3890396952629;111.727195233107
2014-09-14 11:16:15;0;110.565289855003;117.550604045391;106.479230523109;113.061916828156;110.163381695747;120.985527336597;92.3890396952629;111.727195233107
2014-09-14 11:16:15;0;110.565289855003;117.550604045391;106.479230523109;113.061916828156;110.163381695747;120.985527336597;92.3890396952629;111.727195233107
2014-09-14 11:16:15;0;110.565289855003;117.550604045391;106.479230523109;113.061916828156;110.163381695747;120.985527336597;92.3890396952629;111.727195233107
2014-09-14 11:16:15;0;110.565289855003;117.550604045391;106.479230523109;113.061916828156;110.163381695747;120.985527336597;92.3890396952629;111.727195233107
2014-09-14 11:16:15;0;110.565289855003;117.550604045391;106.479230523109;113.061916828156;110.163381695747;120.985527336597;92.3890396952629;111.727195233107
2014-09-14 11:16:15;0;110.565289855003;117.550604045391;106.479230523109;113.061916828156;110.163381695747;120.985527336597;92.3890396952629;111.727195233107
2014-09-14 11:16:15;0;110.565289855003;117.550604045391;106.479230523109;113.061916828156;110.163381695747;120.985527336597;92.3890396952629;111.727195233107
2014-09-14 11:16:15;0;110.565289855003;117.550604045391;106.479230523109;113.061916828156;110.163381695747;120.985527336597;92.3890396952629;111.727195233107
2014-09-14 11:16:15;0;110.565289855003;117.550604045391;106.479230523109;113.061916828156;110.163381695747;120.985527336597;92.3890396952629;111.727195233107
2014-09-14 11:16:15;0;110.565289855003;117.550604045391;106.479230523109;113.061916828156;110.163381695747;120.985527336597;92.3890396952629;111.727195233107
2014-09-14 11:16:15;0;110.565289855003;117.550604045391;106.479230523109;113.061916828156;110.163381695747;120.985527336597;92.3890396952629;111.727195233107
2014-09-14 11:16:16;0;110.565289855003;117.550604045391;106.479230523109;113.061916828156;110.163381695747;120.985527336597;92.3890396952629;111.727195233107
2014-09-14 11:16:16;0;110.565289855003;117.550604045391;106.479230523109;113.061916828156;110.163381695747;120.985527336597;92.3890396952629;111.727195233107
2014-09-14 11:16:16;0;110.565289855003;117.550604045391;106.479230523109;113.061916828156;110.163381695747;120.985527336597;92.3890396952629;111.727195233107
2014-09-14 11:16:16;0;110.565289855003;117.550604045391;106.479230523109;113.061916828156;110.163381695747;120.985527336597;92.3890396952629;111.727195233107
2014-09-14 11:16:16;0;110.565289855003;117.550604045391;106.479230523109;113.061916828156;110.163381695747;120.985527336597;92.3890396952629;111.727195233107
2014-09-14 11:16:16;0;110.565289855003;117.550604045391;106.479230523109;113.061916828156;110.163381695747;120.985527336597;92.3890396952629;111.727195233107
2014-09-14 11:16:16;0;110.565289855003;117.550604045391;106.479230523109;113.061916828156;110.163381695747;120.985527336597;92.3890396952629;111.727195233107
2014-09-14 11:16:16;0;110.565289855003;117.550604045391;106.479230523109;113.061916828156;110.163381695747;120.985527336597;92.3890396952629;111.727195233107
2014-09-14 11:16:16;0;110.565289855003;117.550604045391;106.479230523109;113.061916828156;110.163381695747;120.985527336597;92.3890396952629;111.727195233107
2014-09-14 11:16:16;0;110.565289855003;117.550604045391;106.479230523109;113.061916828156;110.163381695747;120.985527336597;92.3890396952629;111.727195233107
2014-09-14 11:16:16;0;110.565289855003;117.550604045391;106.479230523109;113.061916828156;110.163381695747;120.985527336597;92.3890396952629;111.727195233107
2014-09-14 11:16:16;0;110.565289855003;117.550604045391;106.479230523109;113.061916828156;110.163381695747;120.985527336597;92.3890396952629;111.727195233107
2014-09-14 11:16:17;0;110.565289855003;117.550604045391;106.479230523109;113.061916828156;110.163381695747;120.985527336597;92.3890396952629;111.727195233107
2014-09-14 11:16:17;0;110.565289855003;117.550604045391;106.479230523109;113.061916828156;110.163381695747;120.985527336597;92.3890396952629;111.727195233107
2014-09-14 11:16:17;0;110.565289855003;117.550604045391;106.479230523109;113.061916828156;110.163381695747;120.985527336597;92.3890396952629;111.727195233107
2014-09-14 11:16:17;0;110.565289855003;117.550604045391;106.479230523109;113.061916828156;110.163381695747;120.985527336597;92.3890396952629;111.727195233107
2014-09-14 11:16:17;0;110.565289855003;117.550604045391;106.479230523109;113.061916828156;110.163381695747;120.985527336597;92.3890396952629;111.727195233107
2014-09-14 11:16:17;0;110.565289855003;117.550604045391;106.479230523109;113.061916828156;110.163381695747;120.985527336597;92.3890396952629;111.727195233107
2014-09-14 11:16:17;0;110.565289855003;117.550604045391;106.479230523109;113.061916828156;110.163381695747;120.985527336597;92.3890396952629;111.727195233107
2014-09-14 11:16:17;0;110.565289855003;117.550604045391;106.479230523109;113.061916828156;110.163381695747;120.985527336597;92.3890396952629;111.727195233107
2014-09-14 11:16:17;0;110.565289855003;117.550604045391;106.479230523109;113.061916828156;110.163381695747;120.985527336597;92.3890396952629;111.727195233107
2014-09-14 11:16:17;0;110.565289855003;117.550604045391;106.479230523109;113.061916828156;110.163381695747;120.985527336597;92.3890396952629;111.727195233107
2014-09-14 11:16:17;0;110.565289855003;117.550604045391;106.479230523109;113.061916828156;110.163381695747;120.985527336597;92.3890396952629;111.727195233107
2014-09-14 11:16:17;0;110.565289855003;117.550604045391;106.479230523109;113.061916828156;110.163381695747;120.985527336597;92.3890396952629;111.727195233107
2014-09-14 11:16:18;0;110.565289855003;117.550604045391;106.479230523109;113.061916828156;110.163381695747;120.985527336597;92.3890396952629;111.727195233107
2014-09-14 11:16:18;0;110.565289855003;117.550604045391;106.479230523109;113.061916828156;110.163381695747;120.985527336597;92.3890396952629;111.727195233107
2014-09-14 11:16:18;0;110.565289855003;117.550604045391;106.479230523109;113.061916828156;110.163381695747;120.985527336597;92.3890396952629;111.727195233107
2014-09-14 11:16:18;0;110.565289855003;117.550604045391;106.479230523109;113.061916828156;110.163381695747;120.985527336597;92.3890396952629;111.727195233107
2014-09-14 11:16:18;0;110.565289855003;117.550604045391;106.479230523109;113.061916828156;110.163381695747;120.985527336597;92.3890396952629;111.727195233107
2014-09-14 11:16:18;0;110.565289855003;117.550604045391;106.479230523109;113.061916828156;110.163381695747;120.985527336597;92.3890396952629;111.727195233107
2014-09-14 11:16:18;0;110.565289855003;117.550604045391;106.479230523109;113.061916828156;110.163381695747;120.985527336597;92.3890396952629;111.727195233107
2014-09-14 11:16:18;0;110.565289855003;117.550604045391;106.479230523109;113.061916828156;110.163381695747;120.985527336597;92.3890396952629;111.727195233107
2014-09-14 11:16:18;0;110.565289855003;117.550604045391;106.479230523109;113.061916828156;110.163381695747;120.985527336597;92.3890396952629;111.727195233107
2014-09-14 11:16:18;0;110.565289855003;117.550604045391;106.479230523109;113.061916828156;110.163381695747;120.985527336597;92.3890396952629;111.727195233107
2014-09-14 11:16:18;0;110.565289855003;117.550604045391;106.479230523109;113.061916828156;110.163381695747;120.985527336597;92.3890396952629;111.727195233107
2014-09-14 11:16:18;0;110.565289855003;117.550604045391;106.479230523109;113.061916828156;110.163381695747;120.985527336597;92.3890396952629;111.727195233107
2014-09-14 11:16:19;0;110.565289855003;117.550604045391;106.479230523109;113.061916828156;110.163381695747;120.985527336597;92.3890396952629;111.727195233107
2014-09-14 11:16:19;0;110.565289855003;117.550604045391;106.479230523109;113.061916828156;110.163381695747;120.985527336597;92.3890396952629;111.727195233107
2014-09-14 11:16:19;0;110.565289855003;117.550604045391;106.479230523109;113.061916828156;110.163381695747;120.985527336597;92.3890396952629;111.727195233107
2014-09-14 11:16:19;0;110.565289855003;117.550604045391;106.479230523109;113.061916828156;110.163381695747;120.985527336597;92.3890396952629;111.727195233107
2014-09-14 11:16:19;0;110.565289855003;117.550604045391;106.479230523109;113.061916828156;110.163381695747;120.985527336597;92.3890396952629;111.727195233107
2014-09-14 11:16:19;0;110.565289855003;117.550604045391;106.479230523109;113.061916828156;110.163381695747;120.985527336597;92.3890396952629;111.727195233107
2014-09-14 11:16:19;0;110.565289855003;117.550604045391;106.479230523109;113.061916828156;110.163381695747;120.985527336597;92.3890396952629;111.727195233107
2014-09-14 11:16:19;0;110.565289855003;117.550604045391;106.479230523109;113.061916828156;110.163381695747;120.985527336597;92.3890396952629;111.727195233107
2014-09-14 11:16:19;0;110.565289855003;117.550604045391;106.479230523109;113.061916828156;110.163381695747;120.985527336597;92.3890396952629;111.727195233107
2014-09-14 11:16:19;0;110.565289855003;117.550604045391;106.479230523109;113.061916828156;110.163381695747;120.985527336597;92.3890396952629;111.727195233107
2014-09-14 11:16:19;0;110.565289855003;117.550604045391;106.479230523109;113.061916828156;110.163381695747;120.985527336597;92.3890396952629;111.727195233107
2014-09-14 11:16:19;0;110.565289855003;117.550604045391;106.479230523109;113.061916828156;110.163381695747;120.985527336597;92.3890396952629;111.727195233107
2014-09-14 11:16:20;0;110.565289855003;117.550604045391;106.479230523109;113.061916828156;110.163381695747;120.985527336597;92.3890396952629;111.727195233107
2014-09-14 11:16:20;0;110.565289855003;117.550604045391;106.479230523109;113.061916828156;110.163381695747;120.985527336597;92.3890396952629;111.727195233107
2014-09-14 11:16:20;0;110.565289855003;117.550604045391;106.479230523109;113.061916828156;110.163381695747;120.985527336597;92.3890396952629;111.727195233107
2014-09-14 11:16:20;0;110.565289855003;117.550604045391;106.479230523109;113.061916828156;110.163381695747;120.985527336597;92.3890396952629;111.727195233107
2014-09-14 11:16:20;0;110.565289855003;117.550604045391;106.479230523109;113.061916828156;110.163381695747;120.985527336597;92.3890396952629;111.727195233107
2014-09-14 11:16:20;0;110.565289855003;117.550604045391;106.479230523109;113.061916828156;110.163381695747;120.985527336597;92.3890396952629;111.727195233107
2014-09-14 11:16:20;0;110.565289855003;117.550604045391;106.479230523109;113.061916828156;110.163381695747;120.985527336597;92.3890396952629;111.727195233107
2014-09-14 11:16:20;0;110.565289855003;117.550604045391;106.479230523109;113.061916828156;110.163381695747;120.985527336597;92.3890396952629;111.727195233107
2014-09-14 11:16:20;0;110.565289855003;117.550604045391;106.479230523109;113.061916828156;110.163381695747;120.985527336597;92.3890396952629;111.727195233107
2014-09-14 11:16:20;0;110.565289855003;117.550604045391;106.479230523109;113.061916828156;110.163381695747;120.985527336597;92.3890396952629;111.727195233107
2014-09-14 11:16:20;0;110.565289855003;117.550604045391;106.479230523109;113.061916828156;110.163381695747;120.985527336597;92.3890396952629;111.727195233107
2014-09-14 11:16:20;0;110.565289855003;117.550604045391;106.479230523109;113.061916828156;110.163381695747;120.985527336597;92.3890396952629;111.727195233107
2014-09-14 11:16:21;0;110.565289855003;117.550604045391;106.479230523109;113.061916828156;110.163381695747;120.985527336597;92.3890396952629;111.727195233107
2014-09-14 11:16:21;0;110.565289855003;117.550604045391;106.479230523109;113.061916828156;110.163381695747;120.985527336597;92.3890396952629;111.727195233107
2014-09-14 11:16:21;0;110.565289855003;117.550604045391;106.479230523109;113.061916828156;110.163381695747;120.985527336597;92.3890396952629;111.727195233107
2014-09-14 11:16:21;0;110.565289855003;117.550604045391;106.479230523109;113.061916828156;110.163381695747;120.985527336597;92.3890396952629;111.727195233107
2014-09-14 11:16:21;0;110.565289855003;117.550604045391;106.479230523109;113.061916828156;110.163381695747;120.985527336597;92.3890396952629;111.727195233107
2014-09-14 11:16:21;0;110.565289855003;117.550604045391;106.479230523109;113.061916828156;110.163381695747;120.985527336597;92.3890396952629;111.727195233107
2014-09-14 11:16:21;0;110.565289855003;117.550604045391;106.479230523109;113.061916828156;110.163381695747;120.985527336597;92.3890396952629;111.727195233107
2014-09-14 11:16:21;0;110.565289855003;117.550604045391;106.479230523109;113.061916828156;110.163381695747;120.985527336597;92.3890396952629;111.727195233107
2014-09-14 11:16:21;0;110.565289855003;117.550604045391;106.479230523109;113.061916828156;110.163381695747;120.985527336597;92.3890396952629;111.727195233107
2014-09-14 11:16:21;0;110.565289855003;117.550604045391;106.479230523109;113.061916828156;110.163381695747;120.985527336597;92.3890396952629;111.727195233107
2014-09-14 11:16:21;0;110.565289855003;117.550604045391;106.479230523109;113.061916828156;110.163381695747;120.985527336597;92.3890396952629;111.727195233107
2014-09-14 11:16:21;0;110.565289855003;117.550604045391;106.479230523109;113.061916828156;110.163381695747;120.985527336597;92.3890396952629;111.727195233107
2014-09-14 11:16:22;0;110.565289855003;117.550604045391;106.479230523109;113.061916828156;110.163381695747;120.985527336597;92.3890396952629;111.727195233107
2014-09-14 11:16:22;0;110.565289855003;117.550604045391;106.479230523109;113.061916828156;110.163381695747;120.985527336597;92.3890396952629;111.727195233107
2014-09-14 11:16:22;0;110.565289855003;117.550604045391;106.479230523109;113.061916828156;110.163381695747;120.985527336597;92.3890396952629;111.727195233107
2014-09-14 11:16:22;0;110.565289855003;117.550604045391;106.479230523109;113.061916828156;110.163381695747;120.985527336597;92.3890396952629;111.727195233107
2014-09-14 11:16:22;0;110.565289855003;117.550604045391;106.479230523109;113.061916828156;110.163381695747;120.985527336597;92.3890396952629;111.727195233107
2014-09-14 11:16:22;0;110.565289855003;117.550604045391;106.479230523109;113.061916828156;110.163381695747;120.985527336597;92.3890396952629;111.727195233107
2014-09-14 11:16:22;0;110.565289855003;117.550604045391;106.479230523109;113.061916828156;110.163381695747;120.985527336597;92.3890396952629;111.727195233107
2014-09-14 11:16:22;0;110.565289855003;117.550604045391;106.479230523109;113.061916828156;110.163381695747;120.985527336597;92.3890396952629;111.727195233107
2014-09-14 11:16:22;0;110.565289855003;117.550604045391;106.479230523109;113.061916828156;110.163381695747;120.985527336597;92.3890396952629;111.727195233107
2014-09-14 11:16:22;0;110.565289855003;117.550604045391;106.479230523109;113.061916828156;110.163381695747;120.985527336597;92.3890396952629;111.727195233107
2014-09-14 11:16:22;0;110.565289855003;117.550604045391;106.479230523109;113.061916828156;110.163381695747;120.985527336597;92.3890396952629;111.727195233107
2014-09-14 11:16:22;0;110.565289855003;117.550604045391;106.479230523109;113.061916828156;110.163381695747;120.985527336597;92.3890396952629;111.727195233107
2014-09-14 11:16:23;0;110.565289855003;117.550604045391;106.479230523109;113.061916828156;110.163381695747;120.985527336597;92.3890396952629;111.727195233107
2014-09-14 11:16:23;0;110.565289855003;117.550604045391;106.479230523109;113.061916828156;110.163381695747;120.985527336597;92.3890396952629;111.727195233107
2014-09-14 11:16:23;0;110.565289855003;117.550604045391;106.479230523109;113.061916828156;110.163381695747;120.985527336597;92.3890396952629;111.727195233107
2014-09-14 11:16:23;0;110.565289855003;117.550604045391;106.479230523109;113.061916828156;110.163381695747;120.985527336597;92.3890396952629;111.727195233107
2014-09-14 11:16:23;0;110.565289855003;117.550604045391;106.479230523109;113.061916828156;110.163381695747;120.985527336597;92.3890396952629;111.727195233107
2014-09-14 11:16:23;0;110.565289855003;117.550604045391;106.479230523109;113.061916828156;110.163381695747;120.985527336597;92.3890396952629;111.727195233107
2014-09-14 11:16:23;0;110.565289855003;117.550604045391;106.479230523109;113.061916828156;110.163381695747;120.985527336597;92.3890396952629;111.727195233107
2014-09-14 11:16:23;0;110.565289855003;117.550604045391;106.479230523109;113.061916828156;110.163381695747;120.985527336597;92.3890396952629;111.727195233107
2014-09-14 11:16:23;0;110.565289855003;117.550604045391;106.479230523109;113.061916828156;110.163381695747;120.985527336597;92.3890396952629;111.727195233107
2014-09-14 11:16:23;0;110.565289855003;117.550604045391;106.479230523109;113.061916828156;110.163381695747;120.985527336597;92.3890396952629;111.727195233107
2014-09-14 11:16:23;0;110.565289855003;117.550604045391;106.479230523109;113.061916828156;110.163381695747;120.985527336597;92.3890396952629;111.727195233107
2014-09-14 11:16:23;0;110.565289855003;117.550604045391;106.479230523109;113.061916828156;110.163381695747;120.985527336597;92.3890396952629;111.727195233107
2014-09-14 11:16:24;0;110.565289855003;117.550604045391;106.479230523109;113.061916828156;110.163381695747;120.985527336597;92.3890396952629;111.727195233107
2014-09-14 11:16:24;0;110.565289855003;117.550604045391;106.479230523109;113.061916828156;110.163381695747;120.985527336597;92.3890396952629;111.727195233107
2014-09-14 11:16:24;0;110.565289855003;117.550604045391;106.479230523109;113.061916828156;110.163381695747;120.985527336597;92.3890396952629;111.727195233107
2014-09-14 11:16:24;0;110.565289855003;117.550604045391;106.479230523109;113.061916828156;110.163381695747;120.985527336597;92.3890396952629;111.727195233107
2014-09-14 11:16:24;0;110.565289855003;117.550604045391;106.479230523109;113.061916828156;110.163381695747;120.985527336597;92.3890396952629;111.727195233107
2014-09-14 11:16:24;0;110.565289855003;117.550604045391;106.479230523109;113.061916828156;110.163381695747;120.985527336597;92.3890396952629;111.727195233107
2014-09-14 11:16:24;0;110.565289855003;117.550604045391;106.479230523109;113.061916828156;110.163381695747;120.985527336597;92.3890396952629;111.727195233107
2014-09-14 11:16:24;0;110.565289855003;117.550604045391;106.479230523109;113.061916828156;110.163381695747;120.985527336597;92.3890396952629;111.727195233107
2014-09-14 11:16:24;0;110.565289855003;117.550604045391;106.479230523109;113.061916828156;110.163381695747;120.985527336597;92.3890396952629;111.727195233107
2014-09-14 11:16:24;0;110.565289855003;117.550604045391;106.479230523109;113.061916828156;110.163381695747;120.985527336597;92.3890396952629;111.727195233107
2014-09-14 11:16:24;0;110.565289855003;117.550604045391;106.479230523109;113.061916828156;110.163381695747;120.985527336597;92.3890396952629;111.727195233107
2014-09-14 11:16:24;0;110.565289855003;117.550604045391;106.479230523109;113.061916828156;110.163381695747;120.985527336597;92.3890396952629;111.727195233107
2014-09-14 11:16:25;0;110.565289855003;117.550604045391;106.479230523109;113.061916828156;110.163381695747;120.985527336597;92.3890396952629;111.727195233107
2014-09-14 11:16:25;0;110.565289855003;117.550604045391;106.479230523109;113.061916828156;110.163381695747;120.985527336597;92.3890396952629;111.727195233107
2014-09-14 11:16:25;0;110.565289855003;117.550604045391;106.479230523109;113.061916828156;110.163381695747;120.985527336597;92.3890396952629;111.727195233107
2014-09-14 11:16:25;0;110.565289855003;117.550604045391;106.479230523109;113.061916828156;110.163381695747;120.985527336597;92.3890396952629;111.727195233107
2014-09-14 11:16:25;0;110.565289855003;117.550604045391;106.479230523109;113.061916828156;110.163381695747;120.985527336597;92.3890396952629;111.727195233107
2014-09-14 11:16:25;0;110.565289855003;117.550604045391;106.479230523109;113.061916828156;110.163381695747;120.985527336597;92.3890396952629;111.727195233107
2014-09-14 11:16:25;0;110.565289855003;117.550604045391;106.479230523109;113.061916828156;110.163381695747;120.985527336597;92.3890396952629;111.727195233107
2014-09-14 11:16:25;0;110.565289855003;117.550604045391;106.479230523109;113.061916828156;110.163381695747;120.985527336597;92.3890396952629;111.727195233107
2014-09-14 11:16:25;0;110.565289855003;117.550604045391;106.479230523109;113.061916828156;110.163381695747;120.985527336597;92.3890396952629;111.727195233107
2014-09-14 11:16:25;0;110.565289855003;117.550604045391;106.479230523109;113.061916828156;110.163381695747;120.985527336597;92.3890396952629;111.727195233107
2014-09-14 11:16:25;0;110.565289855003;117.550604045391;106.479230523109;113.061916828156;110.163381695747;120.985527336597;92.3890396952629;111.727195233107
2014-09-14 11:16:25;0;110.565289855003;117.550604045391;106.479230523109;113.061916828156;110.163381695747;120.985527336597;92.3890396952629;111.727195233107
2014-09-14 11:16:26;0;110.565289855003;117.550604045391;106.479230523109;113.061916828156;110.163381695747;120.985527336597;92.3890396952629;111.727195233107
2014-09-14 11:16:26;0;110.565289855003;117.550604045391;106.479230523109;113.061916828156;110.163381695747;120.985527336597;92.3890396952629;111.727195233107
2014-09-14 11:16:26;0;110.565289855003;117.550604045391;106.479230523109;113.061916828156;110.163381695747;120.985527336597;92.3890396952629;111.727195233107
2014-09-14 11:16:26;0;110.565289855003;117.550604045391;106.479230523109;113.061916828156;110.163381695747;120.985527336597;92.3890396952629;111.727195233107
2014-09-14 11:16:26;0;110.565289855003;117.550604045391;106.479230523109;113.061916828156;110.163381695747;120.985527336597;92.3890396952629;111.727195233107
2014-09-14 11:16:26;0;110.565289855003;117.550604045391;106.479230523109;113.061916828156;110.163381695747;120.985527336597;92.3890396952629;111.727195233107
2014-09-14 11:16:26;0;110.565289855003;117.550604045391;106.479230523109;113.061916828156;110.163381695747;120.985527336597;92.3890396952629;111.727195233107
2014-09-14 11:16:26;0;110.565289855003;117.550604045391;106.479230523109;113.061916828156;110.163381695747;120.985527336597;92.3890396952629;111.727195233107
2014-09-14 11:16:26;1;122.080340981483;136.184042692184;116.85466915369;108.11652764678;94.2972332239151;134.700483083725;98.8453640602529;108.06435868144
2014-09-14 11:16:26;1;119.831311702728;137.599527835846;116.32965952158;108.14108774066;93.4966184198856;134.757259488106;98.2057332992554;108.214165270329
2014-09-14 11:16:27;1;118.137568235397;136.814093589783;115.339142084122;108.29010233283;92.8356543183327;135.017615556717;97.5743632763624;108.276858925819
2014-09-14 11:16:27;1;117.519733309746;136.142215132713;114.770351350307;108.362553268671;92.5962761044502;136.108994483948;96.868409216404;108.394505828619
2014-09-14 11:16:27;1;117.394217848778;135.851472616196;114.513516426086;108.407554775476;92.6348924636841;136.041757464409;96.6355733573437;108.522493392229
2014-09-14 11:16:27;1;117.455279827118;135.551223158836;114.430579543114;108.522710204124;92.8400337696075;135.774305462837;96.5896174311638;108.681860566139
2014-09-14 11:16:27;1;118.58911216259;134.346714615822;114.451248943806;108.586463332176;93.1376963853836;135.49593091011;96.6703522950411;108.759455382824
2014-09-14 11:16:27;1;118.51669549942;134.945213794708;114.601010084152;108.604308962822;93.6137847602367;135.253512859344;96.8163255602121;108.815117180347
2014-09-14 11:16:27;1;120.993059873581;134.008798003197;115.169775485992;108.539269864559;94.1121779382229;135.417357087135;97.0353715121746;108.83697271347
2014-09-14 11:16:27;1;120.421476662159;134.861665964127;115.19473940134;108.599733561277;94.8976427316666;135.864353179932;97.1961718052626;108.804339170456
2014-09-14 11:16:27;0;119.100932776928;136.33508682251;115.32921642065;108.53072181344;94.855548068881;135.987079143524;97.3267810419202;108.80618840456
2014-09-14 11:16:28;1;119.115297496319;136.357334256172;115.462985634804;108.482206612825;94.9428714811802;135.956755280495;97.3517877981067;108.764822781086
2014-09-14 11:16:28;1;119.010919332504;136.382639408112;115.328948199749;108.545081317425;94.7166420519352;135.63244342804;97.2668379545212;108.729564398527
2014-09-14 11:16:28;1;118.884105980396;136.441719532013;115.129964053631;108.551773428917;94.9641328305006;135.454931855202;96.9859693199396;108.659370243549
2014-09-14 11:16:28;0;119.101086258888;136.617663502693;114.89549279213;108.437246084213;95.0408034026623;135.387134552002;96.7015728354454;108.633061498404
2014-09-14 11:16:28;1;83.4308549761772;134.075558185577;76.6586571931839;110.629094392061;68.4279471635818;126.857417821884;68.1353062391281;108.901356160641
2014-09-14 11:16:28;2;85.5428427457809;134.672117233276;82.8135520219803;112.285020947456;68.4999853372574;129.691481590271;69.9351191520691;110.427062213421
2014-09-14 11:16:28;0;87.225042283535;135.758405923843;85.0493058562279;112.022535502911;68.8236981630325;131.87450170517;70.7696199417114;110.606910288334
2014-09-14 11:16:29;2;87.8378428518772;136.559417843819;85.8372330665588;112.204794585705;68.8444405794144;133.857953548431;70.2640533447266;110.943061113358
2014-09-14 11:16:29;0;87.985959649086;138.319939374924;85.5903565883636;112.199881672859;67.6286041736603;135.779535770416;69.0684884786606;111.449950188398
2014-09-14 11:16:29;2;87.1412262320518;139.268922805786;83.5279494524002;112.802357971668;64.2145782709122;138.516387343407;66.716867685318;112.11506575346
2014-09-14 11:16:29;1;117.364908754826;138.089227676392;113.577848672867;109.268780052662;94.0079391002655;135.536733269691;95.1175957918167;109.181609749794
2014-09-14 11:16:29;2;120.575141906738;129.861086606979;115.790659189224;110.276754200459;92.2461874783039;126.367923617363;97.7258931845427;110.184101015329
2014-09-14 11:16:29;2;122.147290408611;117.352916300297;117.015984654427;110.02010628581;89.4864521920681;114.017128944397;98.7441105768085;110.180608928204
2014-09-14 11:16:30;2;123.088698089123;116.300439834595;116.805511713028;110.827295482159;89.8485869169235;114.364854991436;98.4138391911983;110.732911527157
2014-09-14 11:16:30;1;116.855227947235;112.662136554718;115.286999940872;110.692584514618;91.4625406265259;114.840978384018;97.2811296582222;110.794222354889
2014-09-14 11:16:30;0;104.080329462886;112.327230721712;114.609128236771;110.774528235197;103.154718875885;115.433211624622;96.8605533242226;110.561849176884
2014-09-14 11:16:30;0;104.080329462886;112.327230721712;114.609128236771;110.774528235197;103.154718875885;115.433211624622;96.8605533242226;110.561849176884
2014-09-14 11:16:30;0;104.080329462886;112.327230721712;114.609128236771;110.774528235197;103.154718875885;115.433211624622;96.8605533242226;110.561849176884
2014-09-14 11:16:30;0;104.080329462886;112.327230721712;114.609128236771;110.774528235197;103.154718875885;115.433211624622;96.8605533242226;110.561849176884
2014-09-14 11:16:30;0;104.080329462886;112.327230721712;114.609128236771;110.774528235197;103.154718875885;115.433211624622;96.8605533242226;110.561849176884
2014-09-14 11:16:31;0;104.080329462886;112.327230721712;114.609128236771;110.774528235197;103.154718875885;115.433211624622;96.8605533242226;110.561849176884
2014-09-14 11:16:31;0;104.080329462886;112.327230721712;114.609128236771;110.774528235197;103.154718875885;115.433211624622;96.8605533242226;110.561849176884
2014-09-14 11:16:31;0;104.080329462886;112.327230721712;114.609128236771;110.774528235197;103.154718875885;115.433211624622;96.8605533242226;110.561849176884
2014-09-14 11:16:31;0;104.080329462886;112.327230721712;114.609128236771;110.774528235197;103.154718875885;115.433211624622;96.8605533242226;110.561849176884
2014-09-14 11:16:31;0;104.080329462886;112.327230721712;114.609128236771;110.774528235197;103.154718875885;115.433211624622;96.8605533242226;110.561849176884
2014-09-14 11:16:31;0;104.080329462886;112.327230721712;114.609128236771;110.774528235197;103.154718875885;115.433211624622;96.8605533242226;110.561849176884
2014-09-14 11:16:31;0;104.080329462886;112.327230721712;114.609128236771;110.774528235197;103.154718875885;115.433211624622;96.8605533242226;110.561849176884
2014-09-14 11:16:31;0;104.080329462886;112.327230721712;114.609128236771;110.774528235197;103.154718875885;115.433211624622;96.8605533242226;110.561849176884
2014-09-14 11:16:31;0;104.080329462886;112.327230721712;114.609128236771;110.774528235197;103.154718875885;115.433211624622;96.8605533242226;110.561849176884
2014-09-14 11:16:31;0;104.080329462886;112.327230721712;114.609128236771;110.774528235197;103.154718875885;115.433211624622;96.8605533242226;110.561849176884
2014-09-14 11:16:32;0;104.080329462886;112.327230721712;114.609128236771;110.774528235197;103.154718875885;115.433211624622;96.8605533242226;110.561849176884
2014-09-14 11:16:32;0;104.080329462886;112.327230721712;114.609128236771;110.774528235197;103.154718875885;115.433211624622;96.8605533242226;110.561849176884
2014-09-14 11:16:32;0;104.080329462886;112.327230721712;114.609128236771;110.774528235197;103.154718875885;115.433211624622;96.8605533242226;110.561849176884
2014-09-14 11:16:32;0;104.080329462886;112.327230721712;114.609128236771;110.774528235197;103.154718875885;115.433211624622;96.8605533242226;110.561849176884
2014-09-14 11:16:32;0;104.080329462886;112.327230721712;114.609128236771;110.774528235197;103.154718875885;115.433211624622;96.8605533242226;110.561849176884
2014-09-14 11:16:32;0;104.080329462886;112.327230721712;114.609128236771;110.774528235197;103.154718875885;115.433211624622;96.8605533242226;110.561849176884
2014-09-14 11:16:32;0;104.080329462886;112.327230721712;114.609128236771;110.774528235197;103.154718875885;115.433211624622;96.8605533242226;110.561849176884
2014-09-14 11:16:32;0;104.080329462886;112.327230721712;114.609128236771;110.774528235197;103.154718875885;115.433211624622;96.8605533242226;110.561849176884
2014-09-14 11:16:32;0;104.080329462886;112.327230721712;114.609128236771;110.774528235197;103.154718875885;115.433211624622;96.8605533242226;110.561849176884
2014-09-14 11:16:32;0;104.080329462886;112.327230721712;114.609128236771;110.774528235197;103.154718875885;115.433211624622;96.8605533242226;110.561849176884
2014-09-14 11:16:33;2;79.1494622826576;109.67146679759;64.6907687187195;114.361922442913;78.1046435236931;113.583725690842;54.415374994278;114.236849546433
2014-09-14 11:16:33;2;82.4203133583069;109.247125685215;65.8791124820709;115.77811986208;80.2124708890915;113.992926478386;55.7150214910507;114.208447933197
2014-09-14 11:16:33;0;68.7823385000229;121.48417532444;66.4158880710602;116.579934954643;80.0499469041824;116.235408186913;56.4595252275467;114.191962778568
2014-09-14 11:16:33;2;76.5741005539894;124.367548525333;66.2760198116302;116.991636157036;75.1522064208984;123.169173300266;57.3333621025085;114.142623543739
2014-09-14 11:16:33;0;75.589457154274;126.008167862892;66.1866456270218;117.021310329437;74.2370367050171;123.71713668108;57.3930382728577;114.127898216248
2014-09-14 11:16:33;0;75.589457154274;126.008167862892;66.1866456270218;117.021310329437;74.2370367050171;123.71713668108;57.3930382728577;114.127898216248
2014-09-14 11:16:33;0;75.589457154274;126.008167862892;66.1866456270218;117.021310329437;74.2370367050171;123.71713668108;57.3930382728577;114.127898216248
2014-09-14 11:16:33;0;75.589457154274;126.008167862892;66.1866456270218;117.021310329437;74.2370367050171;123.71713668108;57.3930382728577;114.127898216248
2014-09-14 11:16:33;0;75.589457154274;126.008167862892;66.1866456270218;117.021310329437;74.2370367050171;123.71713668108;57.3930382728577;114.127898216248
2014-09-14 11:16:34;0;75.589457154274;126.008167862892;66.1866456270218;117.021310329437;74.2370367050171;123.71713668108;57.3930382728577;114.127898216248
2014-09-14 11:16:34;0;75.589457154274;126.008167862892;66.1866456270218;117.021310329437;74.2370367050171;123.71713668108;57.3930382728577;114.127898216248
2014-09-14 11:16:34;0;75.589457154274;126.008167862892;66.1866456270218;117.021310329437;74.2370367050171;123.71713668108;57.3930382728577;114.127898216248
2014-09-14 11:16:34;0;75.589457154274;126.008167862892;66.1866456270218;117.021310329437;74.2370367050171;123.71713668108;57.3930382728577;114.127898216248
2014-09-14 11:16:34;0;75.589457154274;126.008167862892;66.1866456270218;117.021310329437;74.2370367050171;123.71713668108;57.3930382728577;114.127898216248
2014-09-14 11:16:34;0;75.589457154274;126.008167862892;66.1866456270218;117.021310329437;74.2370367050171;123.71713668108;57.3930382728577;114.127898216248
2014-09-14 11:16:34;0;75.589457154274;126.008167862892;66.1866456270218;117.021310329437;74.2370367050171;123.71713668108;57.3930382728577;114.127898216248
2014-09-14 11:16:34;0;75.589457154274;126.008167862892;66.1866456270218;117.021310329437;74.2370367050171;123.71713668108;57.3930382728577;114.127898216248
2014-09-14 11:16:34;0;75.589457154274;126.008167862892;66.1866456270218;117.021310329437;74.2370367050171;123.71713668108;57.3930382728577;114.127898216248
2014-09-14 11:16:35;0;75.589457154274;126.008167862892;66.1866456270218;117.021310329437;74.2370367050171;123.71713668108;57.3930382728577;114.127898216248
2014-09-14 11:16:35;0;75.589457154274;126.008167862892;66.1866456270218;117.021310329437;74.2370367050171;123.71713668108;57.3930382728577;114.127898216248
2014-09-14 11:16:35;0;75.589457154274;126.008167862892;66.1866456270218;117.021310329437;74.2370367050171;123.71713668108;57.3930382728577;114.127898216248
2014-09-14 11:16:35;0;75.589457154274;126.008167862892;66.1866456270218;117.021310329437;74.2370367050171;123.71713668108;57.3930382728577;114.127898216248
2014-09-14 11:16:35;0;75.589457154274;126.008167862892;66.1866456270218;117.021310329437;74.2370367050171;123.71713668108;57.3930382728577;114.127898216248
2014-09-14 11:16:35;0;75.589457154274;126.008167862892;66.1866456270218;117.021310329437;74.2370367050171;123.71713668108;57.3930382728577;114.127898216248
2014-09-14 11:16:35;0;75.589457154274;126.008167862892;66.1866456270218;117.021310329437;74.2370367050171;123.71713668108;57.3930382728577;114.127898216248
2014-09-14 11:16:35;0;75.589457154274;126.008167862892;66.1866456270218;117.021310329437;74.2370367050171;123.71713668108;57.3930382728577;114.127898216248
2014-09-14 11:16:35;0;75.589457154274;126.008167862892;66.1866456270218;117.021310329437;74.2370367050171;123.71713668108;57.3930382728577;114.127898216248
2014-09-14 11:16:35;0;75.589457154274;126.008167862892;66.1866456270218;117.021310329437;74.2370367050171;123.71713668108;57.3930382728577;114.127898216248
2014-09-14 11:16:36;0;113.110353052616;131.616970896721;100.340426154435;110.534237325192;79.8730567097664;132.273748517036;84.9163800477982;110.080598294735
2014-09-14 11:16:36;2;112.920877337456;133.987760543823;104.929479956627;109.8975867033;83.288836479187;132.44688808918;88.6234253644943;109.60445702076
2014-09-14 11:16:36;0;111.862092465162;133.614981174469;108.159045875072;109.532359242439;87.5588834285736;131.825402379036;91.6641294956207;109.252306818962
2014-09-14 11:16:36;0;112.722226977348;131.97974562645;110.816150158644;109.836818277836;92.1159006655216;131.488090753555;93.5306936502457;109.187185764313
2014-09-14 11:16:36;2;110.211326926947;130.288308858871;111.395057290792;109.561788290739;95.39177082479;131.26434981823;93.9221560955048;109.3008287251
2014-09-14 11:16:36;2;107.999990880489;130.163189768791;110.558515787125;109.525457024574;96.2675124406815;131.080955266953;93.331066519022;109.49265062809
2014-09-14 11:16:36;0;101.10531039536;128.176689147949;109.767875820398;109.589633345604;94.2172214388847;130.747932195663;92.6770970225334;109.681975841522
2014-09-14 11:16:37;0;101.10531039536;128.176689147949;109.767875820398;109.589633345604;94.2172214388847;130.747932195663;92.6770970225334;109.681975841522
2014-09-14 11:16:37;0;101.10531039536;128.176689147949;109.767875820398;109.589633345604;94.2172214388847;130.747932195663;92.6770970225334;109.681975841522
2014-09-14 11:16:37;0;101.10531039536;128.176689147949;109.767875820398;109.589633345604;94.2172214388847;130.747932195663;92.6770970225334;109.681975841522
2014-09-14 11:16:37;0;101.10531039536;128.176689147949;109.767875820398;109.589633345604;94.2172214388847;130.747932195663;92.6770970225334;109.681975841522
2014-09-14 11:16:37;0;101.10531039536;128.176689147949;109.767875820398;109.589633345604;94.2172214388847;130.747932195663;92.6770970225334;109.681975841522
2014-09-14 11:16:37;0;101.10531039536;128.176689147949;109.767875820398;109.589633345604;94.2172214388847;130.747932195663;92.6770970225334;109.681975841522
2014-09-14 11:16:37;0;101.10531039536;128.176689147949;109.767875820398;109.589633345604;94.2172214388847;130.747932195663;92.6770970225334;109.681975841522
2014-09-14 11:16:37;0;101.10531039536;128.176689147949;109.767875820398;109.589633345604;94.2172214388847;130.747932195663;92.6770970225334;109.681975841522
2014-09-14 11:16:37;0;101.10531039536;128.176689147949;109.767875820398;109.589633345604;94.2172214388847;130.747932195663;92.6770970225334;109.681975841522
2014-09-14 11:16:37;0;101.10531039536;128.176689147949;109.767875820398;109.589633345604;94.2172214388847;130.747932195663;92.6770970225334;109.681975841522
2014-09-14 11:16:38;0;101.10531039536;128.176689147949;109.767875820398;109.589633345604;94.2172214388847;130.747932195663;92.6770970225334;109.681975841522
2014-09-14 11:16:38;0;101.10531039536;128.176689147949;109.767875820398;109.589633345604;94.2172214388847;130.747932195663;92.6770970225334;109.681975841522
2014-09-14 11:16:38;0;101.10531039536;128.176689147949;109.767875820398;109.589633345604;94.2172214388847;130.747932195663;92.6770970225334;109.681975841522
2014-09-14 11:16:38;0;101.10531039536;128.176689147949;109.767875820398;109.589633345604;94.2172214388847;130.747932195663;92.6770970225334;109.681975841522
2014-09-14 11:16:38;0;101.10531039536;128.176689147949;109.767875820398;109.589633345604;94.2172214388847;130.747932195663;92.6770970225334;109.681975841522
2014-09-14 11:16:38;0;101.10531039536;128.176689147949;109.767875820398;109.589633345604;94.2172214388847;130.747932195663;92.6770970225334;109.681975841522
2014-09-14 11:16:38;0;101.10531039536;128.176689147949;109.767875820398;109.589633345604;94.2172214388847;130.747932195663;92.6770970225334;109.681975841522
2014-09-14 11:16:38;0;101.10531039536;128.176689147949;109.767875820398;109.589633345604;94.2172214388847;130.747932195663;92.6770970225334;109.681975841522
2014-09-14 11:16:38;0;101.10531039536;128.176689147949;109.767875820398;109.589633345604;94.2172214388847;130.747932195663;92.6770970225334;109.681975841522
2014-09-14 11:16:38;0;101.10531039536;128.176689147949;109.767875820398;109.589633345604;94.2172214388847;130.747932195663;92.6770970225334;109.681975841522
2014-09-14 11:16:38;0;101.10531039536;128.176689147949;109.767875820398;109.589633345604;94.2172214388847;130.747932195663;92.6770970225334;109.681975841522
2014-09-14 11:16:39;0;101.10531039536;128.176689147949;109.767875820398;109.589633345604;94.2172214388847;130.747932195663;92.6770970225334;109.681975841522
2014-09-14 11:16:39;0;101.10531039536;128.176689147949;109.767875820398;109.589633345604;94.2172214388847;130.747932195663;92.6770970225334;109.681975841522
2014-09-14 11:16:39;0;101.10531039536;128.176689147949;109.767875820398;109.589633345604;94.2172214388847;130.747932195663;92.6770970225334;109.681975841522
2014-09-14 11:16:39;0;101.10531039536;128.176689147949;109.767875820398;109.589633345604;94.2172214388847;130.747932195663;92.6770970225334;109.681975841522
2014-09-14 11:16:39;1;98.1574164703488;141.970598697662;93.6269283294678;114.328101277351;85.0240856409073;135.591119527817;83.8523671030998;111.593061685562
2014-09-14 11:16:39;1;97.8847993537784;142.200034856796;94.0071616321802;114.619985222816;84.4677418470383;135.957366228104;84.0623736381531;111.526829004288
2014-09-14 11:16:39;1;98.3096638694406;143.30150783062;94.2228596657515;114.694708585739;84.1117918491364;135.873866081238;84.3031108379364;111.561846733093
2014-09-14 11:16:39;1;98.4539268538356;142.409959435463;94.4434806704521;113.82350474596;84.2231452465057;135.316547751427;84.5723539590836;111.624263226986
2014-09-14 11:16:39;1;98.6802348867059;142.765682935715;95.1763167977333;114.685501158237;86.2430155277252;131.632417440414;84.8264813423157;111.673706769943
2014-09-14 11:16:39;1;99.6823692694306;142.558020353317;95.5941595137119;115.022605657578;88.206048309803;131.05640411377;84.8929837346077;111.65504977107
2014-09-14 11:16:40;1;101.15213682875;140.90701341629;95.6865563988686;115.03776460886;88.0377858877182;129.455569386482;84.9510818719864;111.713255941868
2014-09-14 11:16:40;1;102.233905345201;138.663256168365;95.0543470680714;115.004879236221;86.3913491368294;130.18599152565;84.3843966722488;111.815479397774
2014-09-14 11:16:40;1;101.136951334774;134.946185350418;92.9844290018082;114.487588405609;83.248282968998;132.146099209785;83.0142810940742;111.701096594334
2014-09-14 11:16:40;1;99.3392005562782;132.784375548363;91.0649098455906;113.248737156391;81.569966673851;133.310529589653;81.6435992717743;111.471600830555
2014-09-14 11:16:40;1;96.255112439394;132.859313488007;89.6606110036373;113.967496156693;78.6936014890671;133.831852674484;80.1569223403931;111.110333353281
2014-09-14 11:16:40;1;93.3173775672913;136.062672734261;89.0554383397102;113.504806160927;77.5619268417358;133.175599575043;79.559463262558;110.817030072212
2014-09-14 11:16:40;2;93.2476043701172;138.962799310684;89.6228909492493;113.674879074097;79.592552781105;131.833806633949;80.2558183670044;110.524481534958
2014-09-14 11:16:41;2;95.0718186795712;141.124567389488;92.5920635461807;114.201498031616;84.9512413144112;128.164818882942;83.2226529717445;110.17614454031
2014-09-14 11:16:41;0;99.5381845161319;140.243962407112;96.9200793653727;113.266980648041;94.692762568593;129.208588600159;88.0525976419449;109.944513440132
2014-09-14 11:16:41;2;104.57231849432;139.908844232559;101.952445320785;112.928526103497;98.8684963434935;130.151116847992;92.7683539688587;109.379848837852
2014-09-14 11:16:41;0;111.418090760708;137.462842464447;106.37824088335;112.068112939596;98.5960913822055;128.847295045853;96.9763170927763;109.311993420124
2014-09-14 11:16:41;1;120.199777185917;131.434753537178;111.697335541248;111.870997399092;98.4193742275238;132.248115539551;102.131530083716;108.879107236862
2014-09-14 11:16:41;1;122.9766741395;130.626380443573;115.179963409901;111.371650546789;100.667011085898;131.601822376251;105.785458534956;108.625356853008
2014-09-14 11:16:41;1;127.095523476601;135.111862421036;118.971434235573;110.88580340147;106.786236166954;131.100627779961;109.593512117863;108.46403464675
2014-09-14 11:16:42;1;129.158529639244;138.346377015114;122.605574131012;110.644321143627;114.588113129139;129.686111211777;112.768988311291;108.275696635246
2014-09-14 11:16:42;1;128.60726416111;132.512119412422;127.374476194382;110.535264015198;123.225638270378;124.739807844162;117.54062473774;107.907830178738
2014-09-14 11:16:42;1;129.096210002899;115.360616147518;131.119108200073;113.275216519833;131.566336750984;113.614842295647;120.579355955124;108.564841002226
2014-09-14 11:16:42;1;129.096210002899;115.360616147518;131.119108200073;113.275216519833;131.566336750984;113.614842295647;120.579355955124;108.564841002226
2014-09-14 11:16:42;1;129.096210002899;115.360616147518;131.119108200073;113.275216519833;131.566336750984;113.614842295647;120.579355955124;108.564841002226
2014-09-14 11:16:42;1;129.096210002899;115.360616147518;131.119108200073;113.275216519833;131.566336750984;113.614842295647;120.579355955124;108.564841002226
2014-09-14 11:16:42;1;129.096210002899;115.360616147518;131.119108200073;113.275216519833;131.566336750984;113.614842295647;120.579355955124;108.564841002226
2014-09-14 11:16:42;1;129.096210002899;115.360616147518;131.119108200073;113.275216519833;131.566336750984;113.614842295647;120.579355955124;108.564841002226
2014-09-14 11:16:43;1;129.096210002899;115.360616147518;131.119108200073;113.275216519833;131.566336750984;113.614842295647;120.579355955124;108.564841002226
2014-09-14 11:16:43;1;129.096210002899;115.360616147518;131.119108200073;113.275216519833;131.566336750984;113.614842295647;120.579355955124;108.564841002226
2014-09-14 11:16:43;1;129.096210002899;115.360616147518;131.119108200073;113.275216519833;131.566336750984;113.614842295647;120.579355955124;108.564841002226
2014-09-14 11:16:43;1;129.096210002899;115.360616147518;131.119108200073;113.275216519833;131.566336750984;113.614842295647;120.579355955124;108.564841002226
2014-09-14 11:16:43;1;129.096210002899;115.360616147518;131.119108200073;113.275216519833;131.566336750984;113.614842295647;120.579355955124;108.564841002226
2014-09-14 11:16:43;1;129.096210002899;115.360616147518;131.119108200073;113.275216519833;131.566336750984;113.614842295647;120.579355955124;108.564841002226
2014-09-14 11:16:43;1;129.096210002899;115.360616147518;131.119108200073;113.275216519833;131.566336750984;113.614842295647;120.579355955124;108.564841002226
2014-09-14 11:16:43;1;129.096210002899;115.360616147518;131.119108200073;113.275216519833;131.566336750984;113.614842295647;120.579355955124;108.564841002226
2014-09-14 11:16:43;1;129.096210002899;115.360616147518;131.119108200073;113.275216519833;131.566336750984;113.614842295647;120.579355955124;108.564841002226
2014-09-14 11:16:43;1;129.096210002899;115.360616147518;131.119108200073;113.275216519833;131.566336750984;113.614842295647;120.579355955124;108.564841002226
2014-09-14 11:16:43;1;129.096210002899;115.360616147518;131.119108200073;113.275216519833;131.566336750984;113.614842295647;120.579355955124;108.564841002226
2014-09-14 11:16:44;1;129.096210002899;115.360616147518;131.119108200073;113.275216519833;131.566336750984;113.614842295647;120.579355955124;108.564841002226
2014-09-14 11:16:44;1;129.096210002899;115.360616147518;131.119108200073;113.275216519833;131.566336750984;113.614842295647;120.579355955124;108.564841002226
2014-09-14 11:16:44;1;129.096210002899;115.360616147518;131.119108200073;113.275216519833;131.566336750984;113.614842295647;120.579355955124;108.564841002226
2014-09-14 11:16:44;1;129.096210002899;115.360616147518;131.119108200073;113.275216519833;131.566336750984;113.614842295647;120.579355955124;108.564841002226
2014-09-14 11:16:44;1;129.096210002899;115.360616147518;131.119108200073;113.275216519833;131.566336750984;113.614842295647;120.579355955124;108.564841002226
2014-09-14 11:16:44;1;129.096210002899;115.360616147518;131.119108200073;113.275216519833;131.566336750984;113.614842295647;120.579355955124;108.564841002226
2014-09-14 11:16:44;1;129.096210002899;115.360616147518;131.119108200073;113.275216519833;131.566336750984;113.614842295647;120.579355955124;108.564841002226
2014-09-14 11:16:44;1;129.096210002899;115.360616147518;131.119108200073;113.275216519833;131.566336750984;113.614842295647;120.579355955124;108.564841002226
2014-09-14 11:16:44;1;129.096210002899;115.360616147518;131.119108200073;113.275216519833;131.566336750984;113.614842295647;120.579355955124;108.564841002226
2014-09-14 11:16:44;1;129.096210002899;115.360616147518;131.119108200073;113.275216519833;131.566336750984;113.614842295647;120.579355955124;108.564841002226
2014-09-14 11:16:44;1;52.3712456226349;145.182627439499;48.2818722724915;114.889408648014;42.6850020885468;134.174388647079;39.0278577804565;112.260893732309
2014-09-14 11:16:45;1;57.712984085083;145.745182037354;52.0615816116333;114.599004387856;44.8147892951965;135.229736566544;42.878645658493;112.148185074329
2014-09-14 11:16:45;1;60.8362138271332;145.357298851013;54.8050403594971;114.962922036648;48.0644762516022;138.741600513458;46.0842490196228;112.267887592316
2014-09-14 11:16:45;1;65.472474694252;145.13632953167;58.9678347110748;115.086850523949;52.4596303701401;139.581879973412;51.3479113578796;112.593007087708
2014-09-14 11:16:45;1;68.7196731567383;145.085963606834;63.111937046051;115.412206947804;56.6801190376282;139.65468108654;54.9720764160156;112.52960562706
2014-09-14 11:16:45;1;72.6151823997498;144.009700417519;68.9980179071426;117.768612504005;65.9699201583862;138.628873229027;60.8444780111313;111.463029682636
2014-09-14 11:16:45;1;75.4978746175766;143.738394975662;71.2912380695343;113.740366697311;71.4769005775452;137.58310675621;64.4669264554977;110.690246522427
2014-09-14 11:16:45;1;78.4584850072861;143.563833832741;74.8180985450745;113.171423971653;76.3704597949982;136.590313911438;67.858362197876;110.294168442488
2014-09-14 11:16:45;1;80.328856408596;144.747984409332;76.053823530674;113.270391523838;77.6704460382462;136.404341459274;69.1592276096344;110.289569944143
2014-09-14 11:16:45;1;80.328856408596;144.747984409332;76.053823530674;113.270391523838;77.6704460382462;136.404341459274;69.1592276096344;110.289569944143
2014-09-14 11:16:46;1;80.328856408596;144.747984409332;76.053823530674;113.270391523838;77.6704460382462;136.404341459274;69.1592276096344;110.289569944143
2014-09-14 11:16:46;1;80.328856408596;144.747984409332;76.053823530674;113.270391523838;77.6704460382462;136.404341459274;69.1592276096344;110.289569944143
2014-09-14 11:16:46;1;80.328856408596;144.747984409332;76.053823530674;113.270391523838;77.6704460382462;136.404341459274;69.1592276096344;110.289569944143
2014-09-14 11:16:46;1;80.328856408596;144.747984409332;76.053823530674;113.270391523838;77.6704460382462;136.404341459274;69.1592276096344;110.289569944143
2014-09-14 11:16:46;1;80.328856408596;144.747984409332;76.053823530674;113.270391523838;77.6704460382462;136.404341459274;69.1592276096344;110.289569944143
2014-09-14 11:16:46;1;80.328856408596;144.747984409332;76.053823530674;113.270391523838;77.6704460382462;136.404341459274;69.1592276096344;110.289569944143
2014-09-14 11:16:46;1;80.328856408596;144.747984409332;76.053823530674;113.270391523838;77.6704460382462;136.404341459274;69.1592276096344;110.289569944143
2014-09-14 11:16:46;1;80.328856408596;144.747984409332;76.053823530674;113.270391523838;77.6704460382462;136.404341459274;69.1592276096344;110.289569944143
2014-09-14 11:16:46;1;80.328856408596;144.747984409332;76.053823530674;113.270391523838;77.6704460382462;136.404341459274;69.1592276096344;110.289569944143
2014-09-14 11:16:46;1;80.328856408596;144.747984409332;76.053823530674;113.270391523838;77.6704460382462;136.404341459274;69.1592276096344;110.289569944143
2014-09-14 11:16:46;1;80.328856408596;144.747984409332;76.053823530674;113.270391523838;77.6704460382462;136.404341459274;69.1592276096344;110.289569944143
2014-09-14 11:16:47;1;80.328856408596;144.747984409332;76.053823530674;113.270391523838;77.6704460382462;136.404341459274;69.1592276096344;110.289569944143
2014-09-14 11:16:47;1;80.328856408596;144.747984409332;76.053823530674;113.270391523838;77.6704460382462;136.404341459274;69.1592276096344;110.289569944143
2014-09-14 11:16:47;1;80.328856408596;144.747984409332;76.053823530674;113.270391523838;77.6704460382462;136.404341459274;69.1592276096344;110.289569944143
2014-09-14 11:16:47;1;80.328856408596;144.747984409332;76.053823530674;113.270391523838;77.6704460382462;136.404341459274;69.1592276096344;110.289569944143
2014-09-14 11:16:47;1;80.328856408596;144.747984409332;76.053823530674;113.270391523838;77.6704460382462;136.404341459274;69.1592276096344;110.289569944143
2014-09-14 11:16:47;1;80.328856408596;144.747984409332;76.053823530674;113.270391523838;77.6704460382462;136.404341459274;69.1592276096344;110.289569944143
2014-09-14 11:16:47;1;80.328856408596;144.747984409332;76.053823530674;113.270391523838;77.6704460382462;136.404341459274;69.1592276096344;110.289569944143
2014-09-14 11:16:47;1;80.328856408596;144.747984409332;76.053823530674;113.270391523838;77.6704460382462;136.404341459274;69.1592276096344;110.289569944143
2014-09-14 11:16:47;1;80.328856408596;144.747984409332;76.053823530674;113.270391523838;77.6704460382462;136.404341459274;69.1592276096344;110.289569944143
2014-09-14 11:16:47;1;80.328856408596;144.747984409332;76.053823530674;113.270391523838;77.6704460382462;136.404341459274;69.1592276096344;110.289569944143
2014-09-14 11:16:48;1;80.328856408596;144.747984409332;76.053823530674;113.270391523838;77.6704460382462;136.404341459274;69.1592276096344;110.289569944143
2014-09-14 11:16:48;1;80.328856408596;144.747984409332;76.053823530674;113.270391523838;77.6704460382462;136.404341459274;69.1592276096344;110.289569944143
2014-09-14 11:16:48;1;80.328856408596;144.747984409332;76.053823530674;113.270391523838;77.6704460382462;136.404341459274;69.1592276096344;110.289569944143
2014-09-14 11:16:48;1;138.914701342583;135.684624314308;134.011721611023;109.651617705822;112.681704759598;135.942381620407;116.364517807961;109.700328856707
2014-09-14 11:16:48;0;134.255838394165;134.837707877159;131.119275093079;109.034772217274;109.345320612192;133.886671066284;113.890296220779;109.191835671663
2014-09-14 11:16:48;1;129.86848950386;133.422163128853;127.153486013412;108.984687924385;105.588295310736;132.425510883331;110.175830870867;109.295124560595
2014-09-14 11:16:48;1;126.051858067513;131.387156248093;124.818646907806;108.923184871674;103.945659101009;131.954473257065;108.110965788364;109.35977101326
2014-09-14 11:16:48;1;123.151905834675;128.315705060959;122.383725643158;109.476850926876;102.523981407285;128.040307760239;105.661895871162;110.149992257357
2014-09-14 11:16:48;1;121.287080645561;125.564348697662;120.924416184425;109.626217931509;101.079056970775;123.483340442181;103.44147272408;110.442859679461
2014-09-14 11:16:49;1;118.868345022202;120.993483066559;119.470259547234;109.075175970793;99.9752301140688;119.459263980389;102.177915535867;109.552775323391
2014-09-14 11:16:49;1;110.911906510592;116.741006076336;118.313547968864;108.239828050137;99.7328409226611;116.781303286552;100.055837596301;108.533109724522
2014-09-14 11:16:49;1;107.817807793617;110.991101711988;116.171285510063;107.790870219469;102.311328984797;114.260718226433;97.5464813411236;108.100670576096
2014-09-14 11:16:49;1;103.018765151501;109.510559588671;113.765923678875;107.877314090729;105.218531191349;110.108142346144;95.4445153474808;108.139157295227
2014-09-14 11:16:49;1;103.018765151501;109.510559588671;113.765923678875;107.877314090729;105.218531191349;110.108142346144;95.4445153474808;108.139157295227
2014-09-14 11:16:49;1;103.018765151501;109.510559588671;113.765923678875;107.877314090729;105.218531191349;110.108142346144;95.4445153474808;108.139157295227
2014-09-14 11:16:49;1;103.018765151501;109.510559588671;113.765923678875;107.877314090729;105.218531191349;110.108142346144;95.4445153474808;108.139157295227
2014-09-14 11:16:49;1;103.018765151501;109.510559588671;113.765923678875;107.877314090729;105.218531191349;110.108142346144;95.4445153474808;108.139157295227
2014-09-14 11:16:49;1;103.018765151501;109.510559588671;113.765923678875;107.877314090729;105.218531191349;110.108142346144;95.4445153474808;108.139157295227
2014-09-14 11:16:50;1;103.018765151501;109.510559588671;113.765923678875;107.877314090729;105.218531191349;110.108142346144;95.4445153474808;108.139157295227
2014-09-14 11:16:50;1;103.018765151501;109.510559588671;113.765923678875;107.877314090729;105.218531191349;110.108142346144;95.4445153474808;108.139157295227
2014-09-14 11:16:50;1;103.018765151501;109.510559588671;113.765923678875;107.877314090729;105.218531191349;110.108142346144;95.4445153474808;108.139157295227
2014-09-14 11:16:50;1;103.018765151501;109.510559588671;113.765923678875;107.877314090729;105.218531191349;110.108142346144;95.4445153474808;108.139157295227
2014-09-14 11:16:50;1;103.018765151501;109.510559588671;113.765923678875;107.877314090729;105.218531191349;110.108142346144;95.4445153474808;108.139157295227
2014-09-14 11:16:50;1;103.018765151501;109.510559588671;113.765923678875;107.877314090729;105.218531191349;110.108142346144;95.4445153474808;108.139157295227
2014-09-14 11:16:50;1;103.018765151501;109.510559588671;113.765923678875;107.877314090729;105.218531191349;110.108142346144;95.4445153474808;108.139157295227
2014-09-14 11:16:50;1;103.018765151501;109.510559588671;113.765923678875;107.877314090729;105.218531191349;110.108142346144;95.4445153474808;108.139157295227
2014-09-14 11:16:50;1;103.018765151501;109.510559588671;113.765923678875;107.877314090729;105.218531191349;110.108142346144;95.4445153474808;108.139157295227
2014-09-14 11:16:50;1;103.018765151501;109.510559588671;113.765923678875;107.877314090729;105.218531191349;110.108142346144;95.4445153474808;108.139157295227
2014-09-14 11:16:50;1;103.018765151501;109.510559588671;113.765923678875;107.877314090729;105.218531191349;110.108142346144;95.4445153474808;108.139157295227
2014-09-14 11:16:51;1;103.018765151501;109.510559588671;113.765923678875;107.877314090729;105.218531191349;110.108142346144;95.4445153474808;108.139157295227
2014-09-14 11:16:51;1;103.018765151501;109.510559588671;113.765923678875;107.877314090729;105.218531191349;110.108142346144;95.4445153474808;108.139157295227
2014-09-14 11:16:51;1;103.018765151501;109.510559588671;113.765923678875;107.877314090729;105.218531191349;110.108142346144;95.4445153474808;108.139157295227
2014-09-14 11:16:51;1;103.018765151501;109.510559588671;113.765923678875;107.877314090729;105.218531191349;110.108142346144;95.4445153474808;108.139157295227
2014-09-14 11:16:51;1;103.018765151501;109.510559588671;113.765923678875;107.877314090729;105.218531191349;110.108142346144;95.4445153474808;108.139157295227
2014-09-14 11:16:51;1;103.018765151501;109.510559588671;113.765923678875;107.877314090729;105.218531191349;110.108142346144;95.4445153474808;108.139157295227
2014-09-14 11:16:51;1;103.018765151501;109.510559588671;113.765923678875;107.877314090729;105.218531191349;110.108142346144;95.4445153474808;108.139157295227
2014-09-14 11:16:51;1;103.018765151501;109.510559588671;113.765923678875;107.877314090729;105.218531191349;110.108142346144;95.4445153474808;108.139157295227
2014-09-14 11:16:51;1;103.018765151501;109.510559588671;113.765923678875;107.877314090729;105.218531191349;110.108142346144;95.4445153474808;108.139157295227
2014-09-14 11:16:51;1;103.018765151501;109.510559588671;113.765923678875;107.877314090729;105.218531191349;110.108142346144;95.4445153474808;108.139157295227
2014-09-14 11:16:51;0;103.018765151501;109.510559588671;113.765923678875;107.877314090729;105.218531191349;110.108142346144;95.4445153474808;108.139157295227
2014-09-14 11:16:52;0;103.018765151501;109.510559588671;113.765923678875;107.877314090729;105.218531191349;110.108142346144;95.4445153474808;108.139157295227
2014-09-14 11:16:52;0;103.018765151501;109.510559588671;113.765923678875;107.877314090729;105.218531191349;110.108142346144;95.4445153474808;108.139157295227
2014-09-14 11:16:52;0;103.018765151501;109.510559588671;113.765923678875;107.877314090729;105.218531191349;110.108142346144;95.4445153474808;108.139157295227
2014-09-14 11:16:52;0;103.018765151501;109.510559588671;113.765923678875;107.877314090729;105.218531191349;110.108142346144;95.4445153474808;108.139157295227
2014-09-14 11:16:52;0;103.018765151501;109.510559588671;113.765923678875;107.877314090729;105.218531191349;110.108142346144;95.4445153474808;108.139157295227
2014-09-14 11:16:52;0;103.018765151501;109.510559588671;113.765923678875;107.877314090729;105.218531191349;110.108142346144;95.4445153474808;108.139157295227
2014-09-14 11:16:52;0;103.018765151501;109.510559588671;113.765923678875;107.877314090729;105.218531191349;110.108142346144;95.4445153474808;108.139157295227
2014-09-14 11:16:52;0;103.018765151501;109.510559588671;113.765923678875;107.877314090729;105.218531191349;110.108142346144;95.4445153474808;108.139157295227
2014-09-14 11:16:52;0;103.018765151501;109.510559588671;113.765923678875;107.877314090729;105.218531191349;110.108142346144;95.4445153474808;108.139157295227
2014-09-14 11:16:52;0;103.018765151501;109.510559588671;113.765923678875;107.877314090729;105.218531191349;110.108142346144;95.4445153474808;108.139157295227
2014-09-14 11:16:52;0;103.018765151501;109.510559588671;113.765923678875;107.877314090729;105.218531191349;110.108142346144;95.4445153474808;108.139157295227
2014-09-14 11:16:52;0;103.018765151501;109.510559588671;113.765923678875;107.877314090729;105.218531191349;110.108142346144;95.4445153474808;108.139157295227
2014-09-14 11:16:53;0;103.018765151501;109.510559588671;113.765923678875;107.877314090729;105.218531191349;110.108142346144;95.4445153474808;108.139157295227
2014-09-14 11:16:53;0;103.018765151501;109.510559588671;113.765923678875;107.877314090729;105.218531191349;110.108142346144;95.4445153474808;108.139157295227
2014-09-14 11:16:53;0;103.018765151501;109.510559588671;113.765923678875;107.877314090729;105.218531191349;110.108142346144;95.4445153474808;108.139157295227
2014-09-14 11:16:53;0;103.018765151501;109.510559588671;113.765923678875;107.877314090729;105.218531191349;110.108142346144;95.4445153474808;108.139157295227
2014-09-14 11:16:53;0;103.018765151501;109.510559588671;113.765923678875;107.877314090729;105.218531191349;110.108142346144;95.4445153474808;108.139157295227
2014-09-14 11:16:53;0;103.018765151501;109.510559588671;113.765923678875;107.877314090729;105.218531191349;110.108142346144;95.4445153474808;108.139157295227
2014-09-14 11:16:53;0;103.018765151501;109.510559588671;113.765923678875;107.877314090729;105.218531191349;110.108142346144;95.4445153474808;108.139157295227
2014-09-14 11:16:53;0;103.018765151501;109.510559588671;113.765923678875;107.877314090729;105.218531191349;110.108142346144;95.4445153474808;108.139157295227
2014-09-14 11:16:53;0;103.018765151501;109.510559588671;113.765923678875;107.877314090729;105.218531191349;110.108142346144;95.4445153474808;108.139157295227
2014-09-14 11:16:53;0;103.018765151501;109.510559588671;113.765923678875;107.877314090729;105.218531191349;110.108142346144;95.4445153474808;108.139157295227
2014-09-14 11:16:53;0;103.018765151501;109.510559588671;113.765923678875;107.877314090729;105.218531191349;110.108142346144;95.4445153474808;108.139157295227
2014-09-14 11:16:53;0;103.018765151501;109.510559588671;113.765923678875;107.877314090729;105.218531191349;110.108142346144;95.4445153474808;108.139157295227
2014-09-14 11:16:54;0;103.018765151501;109.510559588671;113.765923678875;107.877314090729;105.218531191349;110.108142346144;95.4445153474808;108.139157295227
2014-09-14 11:16:54;0;103.018765151501;109.510559588671;113.765923678875;107.877314090729;105.218531191349;110.108142346144;95.4445153474808;108.139157295227
2014-09-14 11:16:54;0;103.018765151501;109.510559588671;113.765923678875;107.877314090729;105.218531191349;110.108142346144;95.4445153474808;108.139157295227
2014-09-14 11:16:54;0;103.018765151501;109.510559588671;113.765923678875;107.877314090729;105.218531191349;110.108142346144;95.4445153474808;108.139157295227
2014-09-14 11:16:54;0;103.018765151501;109.510559588671;113.765923678875;107.877314090729;105.218531191349;110.108142346144;95.4445153474808;108.139157295227
2014-09-14 11:16:54;0;103.018765151501;109.510559588671;113.765923678875;107.877314090729;105.218531191349;110.108142346144;95.4445153474808;108.139157295227
2014-09-14 11:16:54;0;103.018765151501;109.510559588671;113.765923678875;107.877314090729;105.218531191349;110.108142346144;95.4445153474808;108.139157295227
2014-09-14 11:16:54;0;103.018765151501;109.510559588671;113.765923678875;107.877314090729;105.218531191349;110.108142346144;95.4445153474808;108.139157295227
2014-09-14 11:16:54;0;103.018765151501;109.510559588671;113.765923678875;107.877314090729;105.218531191349;110.108142346144;95.4445153474808;108.139157295227
2014-09-14 11:16:54;0;103.018765151501;109.510559588671;113.765923678875;107.877314090729;105.218531191349;110.108142346144;95.4445153474808;108.139157295227
2014-09-14 11:16:54;0;103.018765151501;109.510559588671;113.765923678875;107.877314090729;105.218531191349;110.108142346144;95.4445153474808;108.139157295227
2014-09-14 11:16:54;0;103.018765151501;109.510559588671;113.765923678875;107.877314090729;105.218531191349;110.108142346144;95.4445153474808;108.139157295227
2014-09-14 11:16:55;0;103.018765151501;109.510559588671;113.765923678875;107.877314090729;105.218531191349;110.108142346144;95.4445153474808;108.139157295227
2014-09-14 11:16:55;0;103.018765151501;109.510559588671;113.765923678875;107.877314090729;105.218531191349;110.108142346144;95.4445153474808;108.139157295227
2014-09-14 11:16:55;0;103.018765151501;109.510559588671;113.765923678875;107.877314090729;105.218531191349;110.108142346144;95.4445153474808;108.139157295227
2014-09-14 11:16:55;0;103.018765151501;109.510559588671;113.765923678875;107.877314090729;105.218531191349;110.108142346144;95.4445153474808;108.139157295227
2014-09-14 11:16:55;0;103.018765151501;109.510559588671;113.765923678875;107.877314090729;105.218531191349;110.108142346144;95.4445153474808;108.139157295227
2014-09-14 11:16:55;0;103.018765151501;109.510559588671;113.765923678875;107.877314090729;105.218531191349;110.108142346144;95.4445153474808;108.139157295227
2014-09-14 11:16:55;0;103.018765151501;109.510559588671;113.765923678875;107.877314090729;105.218531191349;110.108142346144;95.4445153474808;108.139157295227
2014-09-14 11:16:55;0;103.018765151501;109.510559588671;113.765923678875;107.877314090729;105.218531191349;110.108142346144;95.4445153474808;108.139157295227
2014-09-14 11:16:55;0;103.018765151501;109.510559588671;113.765923678875;107.877314090729;105.218531191349;110.108142346144;95.4445153474808;108.139157295227
2014-09-14 11:16:55;0;103.018765151501;109.510559588671;113.765923678875;107.877314090729;105.218531191349;110.108142346144;95.4445153474808;108.139157295227
2014-09-14 11:16:55;0;103.018765151501;109.510559588671;113.765923678875;107.877314090729;105.218531191349;110.108142346144;95.4445153474808;108.139157295227
2014-09-14 11:16:56;0;103.018765151501;109.510559588671;113.765923678875;107.877314090729;105.218531191349;110.108142346144;95.4445153474808;108.139157295227
2014-09-14 11:16:56;0;103.018765151501;109.510559588671;113.765923678875;107.877314090729;105.218531191349;110.108142346144;95.4445153474808;108.139157295227
2014-09-14 11:16:56;0;103.018765151501;109.510559588671;113.765923678875;107.877314090729;105.218531191349;110.108142346144;95.4445153474808;108.139157295227
2014-09-14 11:16:56;0;103.018765151501;109.510559588671;113.765923678875;107.877314090729;105.218531191349;110.108142346144;95.4445153474808;108.139157295227
2014-09-14 11:16:56;0;103.018765151501;109.510559588671;113.765923678875;107.877314090729;105.218531191349;110.108142346144;95.4445153474808;108.139157295227
2014-09-14 11:16:56;0;103.018765151501;109.510559588671;113.765923678875;107.877314090729;105.218531191349;110.108142346144;95.4445153474808;108.139157295227
2014-09-14 11:16:56;0;103.018765151501;109.510559588671;113.765923678875;107.877314090729;105.218531191349;110.108142346144;95.4445153474808;108.139157295227
2014-09-14 11:16:56;0;103.018765151501;109.510559588671;113.765923678875;107.877314090729;105.218531191349;110.108142346144;95.4445153474808;108.139157295227
2014-09-14 11:16:56;0;103.018765151501;109.510559588671;113.765923678875;107.877314090729;105.218531191349;110.108142346144;95.4445153474808;108.139157295227
2014-09-14 11:16:56;0;103.018765151501;109.510559588671;113.765923678875;107.877314090729;105.218531191349;110.108142346144;95.4445153474808;108.139157295227
2014-09-14 11:16:56;0;103.018765151501;109.510559588671;113.765923678875;107.877314090729;105.218531191349;110.108142346144;95.4445153474808;108.139157295227
2014-09-14 11:16:56;0;103.018765151501;109.510559588671;113.765923678875;107.877314090729;105.218531191349;110.108142346144;95.4445153474808;108.139157295227
2014-09-14 11:16:57;0;103.018765151501;109.510559588671;113.765923678875;107.877314090729;105.218531191349;110.108142346144;95.4445153474808;108.139157295227
2014-09-14 11:16:57;0;103.018765151501;109.510559588671;113.765923678875;107.877314090729;105.218531191349;110.108142346144;95.4445153474808;108.139157295227
2014-09-14 11:16:57;0;103.018765151501;109.510559588671;113.765923678875;107.877314090729;105.218531191349;110.108142346144;95.4445153474808;108.139157295227
2014-09-14 11:16:57;0;103.018765151501;109.510559588671;113.765923678875;107.877314090729;105.218531191349;110.108142346144;95.4445153474808;108.139157295227
2014-09-14 11:16:57;0;103.018765151501;109.510559588671;113.765923678875;107.877314090729;105.218531191349;110.108142346144;95.4445153474808;108.139157295227
2014-09-14 11:16:57;0;103.018765151501;109.510559588671;113.765923678875;107.877314090729;105.218531191349;110.108142346144;95.4445153474808;108.139157295227
2014-09-14 11:16:57;0;103.018765151501;109.510559588671;113.765923678875;107.877314090729;105.218531191349;110.108142346144;95.4445153474808;108.139157295227
2014-09-14 11:16:57;0;103.018765151501;109.510559588671;113.765923678875;107.877314090729;105.218531191349;110.108142346144;95.4445153474808;108.139157295227
2014-09-14 11:16:57;0;103.018765151501;109.510559588671;113.765923678875;107.877314090729;105.218531191349;110.108142346144;95.4445153474808;108.139157295227
2014-09-14 11:16:57;0;103.018765151501;109.510559588671;113.765923678875;107.877314090729;105.218531191349;110.108142346144;95.4445153474808;108.139157295227
2014-09-14 11:16:57;0;103.018765151501;109.510559588671;113.765923678875;107.877314090729;105.218531191349;110.108142346144;95.4445153474808;108.139157295227
2014-09-14 11:16:57;0;103.018765151501;109.510559588671;113.765923678875;107.877314090729;105.218531191349;110.108142346144;95.4445153474808;108.139157295227
2014-09-14 11:16:58;0;103.018765151501;109.510559588671;113.765923678875;107.877314090729;105.218531191349;110.108142346144;95.4445153474808;108.139157295227
2014-09-14 11:16:58;0;103.018765151501;109.510559588671;113.765923678875;107.877314090729;105.218531191349;110.108142346144;95.4445153474808;108.139157295227
2014-09-14 11:16:58;0;103.018765151501;109.510559588671;113.765923678875;107.877314090729;105.218531191349;110.108142346144;95.4445153474808;108.139157295227
2014-09-14 11:16:58;0;103.018765151501;109.510559588671;113.765923678875;107.877314090729;105.218531191349;110.108142346144;95.4445153474808;108.139157295227
2014-09-14 11:16:58;0;103.018765151501;109.510559588671;113.765923678875;107.877314090729;105.218531191349;110.108142346144;95.4445153474808;108.139157295227
2014-09-14 11:16:58;0;103.018765151501;109.510559588671;113.765923678875;107.877314090729;105.218531191349;110.108142346144;95.4445153474808;108.139157295227
2014-09-14 11:16:58;0;103.018765151501;109.510559588671;113.765923678875;107.877314090729;105.218531191349;110.108142346144;95.4445153474808;108.139157295227
2014-09-14 11:16:58;0;103.018765151501;109.510559588671;113.765923678875;107.877314090729;105.218531191349;110.108142346144;95.4445153474808;108.139157295227
2014-09-14 11:16:58;0;103.018765151501;109.510559588671;113.765923678875;107.877314090729;105.218531191349;110.108142346144;95.4445153474808;108.139157295227
2014-09-14 11:16:58;0;103.018765151501;109.510559588671;113.765923678875;107.877314090729;105.218531191349;110.108142346144;95.4445153474808;108.139157295227
2014-09-14 11:16:58;0;103.018765151501;109.510559588671;113.765923678875;107.877314090729;105.218531191349;110.108142346144;95.4445153474808;108.139157295227
2014-09-14 11:16:58;0;103.018765151501;109.510559588671;113.765923678875;107.877314090729;105.218531191349;110.108142346144;95.4445153474808;108.139157295227
2014-09-14 11:16:59;0;103.018765151501;109.510559588671;113.765923678875;107.877314090729;105.218531191349;110.108142346144;95.4445153474808;108.139157295227
2014-09-14 11:16:59;0;103.018765151501;109.510559588671;113.765923678875;107.877314090729;105.218531191349;110.108142346144;95.4445153474808;108.139157295227
2014-09-14 11:16:59;0;103.018765151501;109.510559588671;113.765923678875;107.877314090729;105.218531191349;110.108142346144;95.4445153474808;108.139157295227
2014-09-14 11:16:59;0;103.018765151501;109.510559588671;113.765923678875;107.877314090729;105.218531191349;110.108142346144;95.4445153474808;108.139157295227
2014-09-14 11:16:59;0;103.018765151501;109.510559588671;113.765923678875;107.877314090729;105.218531191349;110.108142346144;95.4445153474808;108.139157295227
2014-09-14 11:16:59;0;103.018765151501;109.510559588671;113.765923678875;107.877314090729;105.218531191349;110.108142346144;95.4445153474808;108.139157295227
2014-09-14 11:16:59;0;103.018765151501;109.510559588671;113.765923678875;107.877314090729;105.218531191349;110.108142346144;95.4445153474808;108.139157295227
2014-09-14 11:16:59;0;103.018765151501;109.510559588671;113.765923678875;107.877314090729;105.218531191349;110.108142346144;95.4445153474808;108.139157295227
2014-09-14 11:16:59;0;103.018765151501;109.510559588671;113.765923678875;107.877314090729;105.218531191349;110.108142346144;95.4445153474808;108.139157295227
2014-09-14 11:16:59;0;103.018765151501;109.510559588671;113.765923678875;107.877314090729;105.218531191349;110.108142346144;95.4445153474808;108.139157295227
2014-09-14 11:16:59;0;103.018765151501;109.510559588671;113.765923678875;107.877314090729;105.218531191349;110.108142346144;95.4445153474808;108.139157295227
2014-09-14 11:17:00;0;103.018765151501;109.510559588671;113.765923678875;107.877314090729;105.218531191349;110.108142346144;95.4445153474808;108.139157295227
2014-09-14 11:17:00;0;103.018765151501;109.510559588671;113.765923678875;107.877314090729;105.218531191349;110.108142346144;95.4445153474808;108.139157295227
